0_rateplanid,1_name,2_ProductCode__c,3_ParentCode__c,4_PlanQuantity__c,5_BillingFlag__c,6_RequiredLicense__c
2c92c0f85cee08f3015d3701ebc37a7d,お任せプラン（Aプラン）,XXXXXX,,,FALSE,FALSE
2c92c0f85cee08f3015d3957705b5ede,ウイルス対策,UXA40T7,XXXXXX,,FALSE,FALSE
2c92c0f85cee08f3015d396d6a733d9f,胸部Bone Suppression,BS,XXXXXX,,TRUE,TRUE
2c92c0f85cee0940015d396a1f242fea,連携ボックスサービス,MGBOX,XXXXXX,,FALSE,FALSE
2c92c0f85d3e6222015d3fd0fc250b42,超過課金,OVER,XXXXXX,,TRUE,TRUE
2c92c0f85d4e954f015d5889ab234733,UX144G5 部品保証　通常,PARTS,UX144G5,1,FALSE,FALSE
2c92c0f85d4e954f015d589f7a2e7655,UX144G5 プリントサービス,PRINT01,UX144G5,1,FALSE,TRUE
2c92c0f85d4e954f015d58acd7e00292,UX144G5 セキュアインターネット,UXA40T8,UX144G5,1,FALSE,FALSE
2c92c0f85d4e954f015d58c36cad11e8,UX14AAB 連携BOX　Lite,A578,UX14AAB,1,FALSE,TRUE
2c92c0f85d4e9554015d59334ab16c2c,UX14AAB 医療行政ニュース,LGCY04,UX14AAB,1,FALSE,TRUE
2c92c0f85d4e9554015d5934a7c86f2e,UX14AAB スマートアップデートサービス,RVUP-UNITEA,UX14AAB,1,FALSE,FALSE
2c92c0f85d4e9554015d59394e067773,UX14AAB セキュアインターネット,UXA40T8,UX14AAB,1,FALSE,FALSE
2c92c0f85d4e95ae015d5575788e4ee5,UX144G5 連携BOX　Lite,A578,UX144G5,1,FALSE,TRUE
2c92c0f85d4e95ae015d588d074210e2,UX144G5 ウェブサイト開設サポート,LGCY03,UX144G5,1,FALSE,TRUE
2c92c0f85d4e95ae015d593216d40797,UX14AAB ウェブサイト開設サポート,LGCY03,UX14AAB,1,FALSE,TRUE
2c92c0f85d5964da015d59740ec00165,UX141A2 オンサイトサービス　SIGMA/UNITEA料金プラン,UX14742,UX141A2,1,FALSE,FALSE
2c92c0f85d5964da015d597a04351cb4,UX141A2 CR骨密度測定サービス,UX14163,UX141A2,1,TRUE,TRUE
2c92c0f85d5964da015d597b54b92592,UX141A2 UNITEA胸部骨経時差分処理（TS）,UX14AAK,UX141A2,1,TRUE,TRUE
2c92c0f85d5964da015d597efe7137f1,UX141A2 セキュアインターネット,UXA40T8,UX141A2,1,FALSE,FALSE
2c92c0f85d5964da015d5de5f171323b,UX14BCR 連携BOX　Lite　パック20,A578,UX14BCR,20,FALSE,TRUE
2c92c0f85d5964da015d5de81ff34915,UX142J2 連携BOX　Lite,A578,UX142J2,1,FALSE,TRUE
2c92c0f85d5964da015d5de9a71f5691,UX140T3 連携BOX　Lite,A578,UX140T3,1,FALSE,TRUE
2c92c0f85d5964da015d5dea039d5798,UX149R1 連携BOX　Lite,A578,UX149R1,1,FALSE,TRUE
2c92c0f85d5964da015d5dee5332680c,UXA40T4 連携BOX　Lite,A578,UXA40T4,1,FALSE,TRUE
2c92c0f85d5964da015d5df760a80f12,UX144F7 連携BOX　Lite,A578,UX144F7,1,FALSE,TRUE
2c92c0f85d5964da015d5e02e23e34ef,UX140H5 連携BOX　Lite,A578,UX140H5,1,FALSE,TRUE
2c92c0f85d5964da015d5f7fb53d0f6b,UX14475 連携BOX　Lite　パック10,A578,UX14475,10,FALSE,TRUE
2c92c0f85d5964da015d5f8064d2109b,UX14495 連携BOX　Lite　パック20,A578,UX14495,20,FALSE,TRUE
2c92c0f85d5964da015d5f80907110de,UX14485 連携BOX　Lite　パック10,A578,UX14485,10,FALSE,TRUE
2c92c0f85d5964da015d5fbb16cb00d9,UX14505 連携BOX　検査予約サービス,A5U2,UX14505,1,FALSE,FALSE
2c92c0f85d5964da015d5fd35c465421,UXA40T3 ウェブサイト開設サポート,LGCY03,UXA40T3,1,FALSE,TRUE
2c92c0f85d5964da015d5fd3c31a55cc,UXA40T2 ウェブサイト開設サポート,LGCY03,UXA40T2,1,FALSE,TRUE
2c92c0f85d5964da015d5fd42c135758,UX14403 ウェブサイト開設サポート,LGCY03,UX14403,1,FALSE,TRUE
2c92c0f85d5964da015d5fd6af665e0f,UX14BBJ ウェブサイト開設サポート,LGCY03,UX14BBJ,1,FALSE,TRUE
2c92c0f85d5964da015d5fdc1fda7811,UX142B2 ウェブサイト開設サポート,LGCY03,UX142B2,1,FALSE,TRUE
2c92c0f85d5964da015d5fde6fe1021e,UX142A2 プリントサービス,PRINT01,UX142A2,1,FALSE,TRUE
2c92c0f85d5964da015d5fe1715f127f,UXA40T4 プリントサービス,PRINT01,UXA40T4,1,FALSE,TRUE
2c92c0f85d5964da015d5fe23c371753,UXA40T2 プリントサービス,PRINT01,UXA40T2,1,FALSE,TRUE
2c92c0f85d5964da015d5fe348bf1bea,UX141F5 プリントサービス,PRINT01,UX141F5,1,FALSE,TRUE
2c92c0f85d5964da015d5fe3eec91f3d,UX141C3 プリントサービス,PRINT01,UX141C3,1,FALSE,TRUE
2c92c0f85d5964da015d5fe44ae0204c,UX14BBK プリントサービス,PRINT01,UX14BBK,1,FALSE,TRUE
2c92c0f85d5964da015d633caf36761d,UX14BBP プリントサービス,PRINT01,UX14BBP,1,FALSE,TRUE
2c92c0f85d5964da015d634008af7997,UX14BBM プリントサービス,PRINT01,UX14BBM,1,FALSE,TRUE
2c92c0f85d5964da015d634068d57a0a,UX140U3 プリントサービス,PRINT01,UX140U3,1,FALSE,TRUE
2c92c0f85d5964da015d6340e4947b16,UX141G5 プリントサービス,PRINT01,UX141G5,1,FALSE,TRUE
2c92c0f85d5964da015d634306027ead,UX142K3 プリントサービス,PRINT01,UX142K3,1,FALSE,TRUE
2c92c0f85d5964da015d634375e97f53,UX140G5 プリントサービス,PRINT01,UX140G5,1,FALSE,TRUE
2c92c0f85d5964da015d6352907b114c,UX141X3 プリントサービス,PRINT01,UX141X3,1,FALSE,TRUE
2c92c0f85d5964da015d63537f3913fa,UX14343 プリントサービス,PRINT01,UX14343,1,FALSE,TRUE
2c92c0f85d5964da015d63be0da843ed,UX141G3 プリントサービス,PRINT01,UX141G3,1,FALSE,TRUE
2c92c0f85d5964da015d63bef7484559,UX14363 プリントサービス,PRINT01,UX14363,1,FALSE,TRUE
2c92c0f85d5964da015d63c48db84e5c,UX149R1 医療行政ニュース,LGCY04,UX149R1,1,FALSE,TRUE
2c92c0f85d5964da015d63c52c444fe2,infomity EXﾍﾞｰｽﾊﾟｯｸ,UX142E2,,1,FALSE,FALSE
2c92c0f85d5964da015d63c606b0513c,UX142F2 医療行政ニュース,LGCY04,UX142F2,1,FALSE,TRUE
2c92c0f85d5964da015d63cf3a6b5fbd,AeroDRﾍﾞｰｽﾊﾟｯｸ(2年目以降),UX142H3,,1,FALSE,FALSE
2c92c0f85d5964da015d63d3bf5c67d4,UX14403 医療行政ニュース,LGCY04,UX14403,1,FALSE,TRUE
2c92c0f85d5964da015d63d507ce6e13,UX14AAA 医療行政ニュース,LGCY04,UX14AAA,1,FALSE,TRUE
2c92c0f85d5964da015d63d57cf76fa9,UX141C3 医療行政ニュース,LGCY04,UX141C3,1,FALSE,TRUE
2c92c0f85d5964da015d63d5e7b671a1,UX14BBK 医療行政ニュース,LGCY04,UX14BBK,1,FALSE,TRUE
2c92c0f85d5964da015d63d754647e46,UX14BBP 医療行政ニュース,LGCY04,UX14BBP,1,FALSE,TRUE
2c92c0f85d5964da015d63ded37b326d,infomityﾌﾟﾚﾐｱ･ﾌﾟﾗﾁﾅ ｱｯﾌﾟｸﾞﾚｰﾄﾞﾊﾟｯｸ(4年),UX142H2,,1,FALSE,FALSE
2c92c0f85d5964da015d63e064c140c8,infomityﾌﾟﾚﾐｱ･ﾌﾟﾗﾁﾅﾊﾟｯｸ(5年),UX142J2,,1,FALSE,FALSE
2c92c0f85d5964da015d63e1b5484966,infomity ﾌﾟﾚﾐｱ･ﾌﾟﾗﾁﾅﾊﾟｯｸ(3年),UX14722,,1,FALSE,FALSE
2c92c0f85d5964da015d63ebbbfb1997,infomity CISｻﾎﾟｰﾄﾌﾟﾗﾝ(5年契約),UX141A3,,1,FALSE,FALSE
2c92c0f85d5964da015d640df0a0324f,infomity DRお任せｵﾝｻｲﾄﾊﾟｯｸ(Gﾌﾟﾗﾝ ﾊﾟﾈﾙ保証無)定額料金,UX141F3,,1,FALSE,FALSE
2c92c0f85d5964da015d64135a365ec4,UXA40T1 遠隔読影支援サービス,READINGIMAGE,UXA40T1,1,FALSE,TRUE
2c92c0f85d5964da015d64149e9970b5,UX142E2 遠隔読影支援サービス,READINGIMAGE,UX142E2,1,FALSE,TRUE
2c92c0f85d5964da015d641743837d1e,infomity DR新お任せ更新用ﾌﾟﾗﾝ(CR→DR ﾊﾟﾈﾙ保証有)定額料金,UX14BBN,,1,FALSE,FALSE
2c92c0f85d5964da015d641803917ff8,infomity DR新お任せ更新用ﾌﾟﾗﾝ(CR→DR ﾊﾟﾈﾙ保証無)定額料金,UX14BBP,,1,FALSE,FALSE
2c92c0f85d5964da015d6418a23b01c9,UX14413 遠隔読影支援サービス,READINGIMAGE,UX14413,1,FALSE,TRUE
2c92c0f85d5964da015d641927e204b5,UX141A2 遠隔読影支援サービス,READINGIMAGE,UX141A2,1,FALSE,TRUE
2c92c0f85d5964da015d641c30ee13da,UXA40T2 遠隔読影支援サービス,READINGIMAGE,UXA40T2,1,FALSE,TRUE
2c92c0f85d5964da015d642048ef3342,UX14ADY 遠隔読影支援サービス,READINGIMAGE,UX14ADY,1,FALSE,TRUE
2c92c0f85d5964da015d6422d6044030,infomity  お任せﾌﾟﾗﾝ(Cﾌﾟﾗﾝ) 定額料金,UXA40T4,,1,FALSE,FALSE
2c92c0f85d5964da015d6422f069408e,UX14BBJ 遠隔読影支援サービス,READINGIMAGE,UX14BBJ,1,FALSE,TRUE
2c92c0f85d5964da015d6429333475a3,UX14455 遠隔読影支援サービス,READINGIMAGE,UX14455,1,FALSE,TRUE
2c92c0f85d5964da015d6429dba67bc3,ｸﾗｳﾄﾞ･ｱｰｶｲﾌﾞ 基本ﾌﾟﾗﾝ 2TB 5年,UX141X3,,1,FALSE,FALSE
2c92c0f85d5964da015d642a98d6024f,UX14303 遠隔読影支援サービス,READINGIMAGE,UX14303,1,FALSE,TRUE
2c92c0f85d5964da015d642b0f36051c,UX14485 遠隔読影支援サービス,READINGIMAGE,UX14485,1,FALSE,TRUE
2c92c0f85d5964da015d643365af6221,ﾃﾞｰﾀﾊﾞﾝｸｱｰｶｲﾋﾞﾝｸﾞ 新規ﾃﾞｰﾀ 5年 50GB,UX143R3,,1,FALSE,FALSE
2c92c0f85d5964da015d64360cd37981,UX14403 スマートアップデートサービス,RVUP-UNITEA,UX14403,1,FALSE,FALSE
2c92c0f85d5964da015d6436965f7d79,UXA40T2 スマートアップデートサービス,RVUP-UNITEA,UXA40T2,1,FALSE,FALSE
2c92c0f85d5964da015d643acc11252a,ﾃﾞｰﾀﾊﾞﾝｸｱｰｶｲﾋﾞﾝｸﾞ 新規ﾃﾞｰﾀ 5年 3TB,UX143X3,,1,FALSE,FALSE
2c92c0f85d5964da015d643b22a72742,UX144H5 スマートアップデートサービス,RVUP-UNITEA,UX144H5,1,FALSE,FALSE
2c92c0f85d5964da015d643c124831fd,UX14AAC スマートアップデートサービス,RVUP-UNITEA,UX14AAC,1,FALSE,FALSE
2c92c0f85d5964da015d643cd78d4268,UX14ADY スマートアップデートサービス,RVUP-UNITEA,UX14ADY,1,FALSE,FALSE
2c92c0f85d5964da015d643e53b658ac,UX141D3 スマートアップデートサービス,RVUP-UNITEA,UX141D3,1,FALSE,FALSE
2c92c0f85d5964da015d643eef256136,ﾃﾞｰﾀﾊﾞﾝｸｱｰｶｲﾋﾞﾝｸﾞ 過去ﾃﾞｰﾀ 5年 10GB,UX142T3,,1,FALSE,FALSE
2c92c0f85d5964da015d643f91e2681b,UX141E3 スマートアップデートサービス,RVUP-UNITEA,UX141E3,1,FALSE,FALSE
2c92c0f85d5964da015d644190a401c6,ﾃﾞｰﾀﾊﾞﾝｸｱｰｶｲﾋﾞﾝｸﾞ 過去ﾃﾞｰﾀ 5年 30GB,UX144S3,,1,FALSE,FALSE
2c92c0f85d5964da015d6442c6f90bc1,UX14BBL スマートアップデートサービス,RVUP-UNITEA,UX14BBL,1,FALSE,FALSE
2c92c0f85d5964da015d6443003a0cc5,ﾃﾞｰﾀﾊﾞﾝｸｱｰｶｲﾋﾞﾝｸﾞ 過去ﾃﾞｰﾀ 5年 50GB,UX144U3,,1,FALSE,FALSE
2c92c0f85d5964da015d64439f6c10c4,ﾃﾞｰﾀﾊﾞﾝｸｱｰｶｲﾋﾞﾝｸﾞ 過去ﾃﾞｰﾀ 5年 200GB,UX144V3,,1,FALSE,FALSE
2c92c0f85d5964da015d6443bc9111ae,UX14BBM スマートアップデートサービス,RVUP-UNITEA,UX14BBM,1,FALSE,FALSE
2c92c0f85d5964da015d64459e531cd6,ﾃﾞｰﾀﾊﾞﾝｸｱｰｶｲﾋﾞﾝｸﾞ 過去ﾃﾞｰﾀ 5年 500GB,UX144Y3,,1,FALSE,FALSE
2c92c0f85d5964da015d6449103b3c72,UX141J3 スマートアップデートサービス,RVUP-UNITEA,UX141J3,1,FALSE,FALSE
2c92c0f85d5964da015d644a4d004999,ﾃﾞｰﾀﾊﾞﾝｸｱｰｶｲﾋﾞﾝｸﾞ 過去ﾃﾞｰﾀ ｺｰﾙﾄﾞ 5年 50GB,UX14935,,1,FALSE,FALSE
2c92c0f85d5964da015d644aafc04e75,UX142K3 スマートアップデートサービス,RVUP-UNITEA,UX142K3,1,FALSE,FALSE
2c92c0f85d5964da015d644bc8f25b30,UX140H5 スマートアップデートサービス,RVUP-UNITEA,UX140H5,1,FALSE,FALSE
2c92c0f85d5964da015d64513fb40259,UXA40T1 ウイルス対策サービス,UXA40T7,UXA40T1,1,FALSE,FALSE
2c92c0f85d5964da015d64524afb087f,UX149R1 ウイルス対策サービス,UXA40T7,UX149R1,1,FALSE,FALSE
2c92c0f85d5964da015d6454ea431a1e,ﾃﾞｰﾀﾊﾞﾝｸｱｰｶｲﾋﾞﾝｸﾞ 新規ﾃﾞｰﾀ 1年 1TB,UX142S3,,1,FALSE,FALSE
2c92c0f85d5964da015d64576c7026ce,ﾃﾞｰﾀﾊﾞﾝｸｱｰｶｲﾋﾞﾝｸﾞ 新規ﾃﾞｰﾀ 1年 30GB,UX144D3,,1,FALSE,FALSE
2c92c0f85d5964da015d6458091428c0,ﾃﾞｰﾀﾊﾞﾝｸｱｰｶｲﾋﾞﾝｸﾞ 新規ﾃﾞｰﾀ 1年 40GB,UX144E3,,1,FALSE,FALSE
2c92c0f85d5964da015d645959f129c3,ﾃﾞｰﾀﾊﾞﾝｸｱｰｶｲﾋﾞﾝｸﾞ 新規ﾃﾞｰﾀ 1年 200GB,UX144G3,,1,FALSE,FALSE
2c92c0f85d5964da015d645b05912bfc,UX14393 ウイルス対策サービス,UXA40T7,UX14393,1,FALSE,FALSE
2c92c0f85d5964da015d645d0fc03034,UX140X5 ウイルス対策サービス,UXA40T7,UX140X5,1,FALSE,FALSE
2c92c0f85d5964da015d645e454831b4,UX14AAA ウイルス対策サービス,UXA40T7,UX14AAA,1,FALSE,FALSE
2c92c0f85d5964da015d645fe30e349d,ﾃﾞｰﾀﾊﾞﾝｸｱｰｶｲﾋﾞﾝｸﾞ 過去ﾃﾞｰﾀ 1年 300GB,UX14105,,1,FALSE,FALSE
2c92c0f85d5964da015d6463053639ed,ﾃﾞｰﾀﾊﾞﾝｸｱｰｶｲﾋﾞﾝｸﾞ ｱｼｽﾄ 1年 50GB,UX14255,,1,FALSE,FALSE
2c92c0f85d5964da015d6463219d3a15,UX14BBL ウイルス対策サービス,UXA40T7,UX14BBL,1,FALSE,FALSE
2c92c0f85d5964da015d64638a833aeb,UX14BBM ウイルス対策サービス,UXA40T7,UX14BBM,1,FALSE,FALSE
2c92c0f85d5964da015d646390b23af2,ﾃﾞｰﾀﾊﾞﾝｸｱｰｶｲﾋﾞﾝｸﾞ ｱｼｽﾄ 1年 100GB,UX14265,,1,FALSE,FALSE
2c92c0f85d5964da015d6466155e451f,UX14762 ウイルス対策サービス,UXA40T7,UX14762,1,FALSE,FALSE
2c92c0f85d5964da015d6466713745dd,UX141J3 ウイルス対策サービス,UXA40T7,UX141J3,1,FALSE,FALSE
2c92c0f85d5964da015d6466ce11464d,UX142K3 ウイルス対策サービス,UXA40T7,UX142K3,1,FALSE,FALSE
2c92c0f85d5964da015d646acfca4c10,UX14722 セキュアインターネット,UXA40T8,UX14722,1,FALSE,FALSE
2c92c0f85d5964da015d646d3b915138,UXA40T3 セキュアインターネット,UXA40T8,UXA40T3,1,FALSE,FALSE
2c92c0f85d5964da015d6470be465a28,UX141C3 セキュアインターネット,UXA40T8,UX141C3,1,FALSE,FALSE
2c92c0f85d5964da015d647181e45b92,UX141E3 セキュアインターネット,UXA40T8,UX141E3,1,FALSE,FALSE
2c92c0f85d5964da015d64720f9d5cb4,UX141F3 セキュアインターネット,UXA40T8,UX141F3,1,FALSE,FALSE
2c92c0f85d5964da015d6472c1ee5e8c,OD-VPN ｾｷｭｱｲﾝﾀｰﾈｯﾄ初年度ﾊﾟｯｸ,UX14343,,1,FALSE,FALSE
2c92c0f85d5964da015d64772d6e63a0,UX14233 セキュアインターネット,UXA40T8,UX14233,1,FALSE,FALSE
2c92c0f85d5964da015d6479926d65cf,UX14353 セキュアインターネット,UXA40T8,UX14353,1,FALSE,FALSE
2c92c0f85d5964da015d6481917f7531,ﾃﾞｰﾀｰﾊﾞﾝｸｻｰﾋﾞｽ 容量追加1TB (単年),UX14103,,1,FALSE,FALSE
2c92c0f85d5964da015d64824b7d75ff,ﾃﾞｰﾀﾊﾞﾝｸ 500GB (5年),UX14003,,1,FALSE,FALSE
2c92c0f85d5964da015d64839461776f,ﾃﾞｰﾀﾊﾞﾝｸ 250GB (3年),UX142L2,,1,FALSE,FALSE
2c92c0f85d5964da015d6484113178c9,UX14383 CR骨密度測定サービス,UX14163,UX14383,1,TRUE,TRUE
2c92c0f85d5964da015d648481ad7953,UX140X5 CR骨密度測定サービス,UX14163,UX140X5,1,TRUE,TRUE
2c92c0f85d5964da015d6485c4b07c55,UXA40T3 CR骨密度測定サービス,UX14163,UXA40T3,1,TRUE,TRUE
2c92c0f85d5964da015d648872230019,UX141C3 CR骨密度測定サービス,UX14163,UX141C3,1,TRUE,TRUE
2c92c0f85d5964da015d648b4ce10573,UX144E7 CR骨密度測定サービス,UX14163,UX144E7,1,TRUE,TRUE
2c92c0f85d5964da015d648bb564058d,UX144F7 CR骨密度測定サービス,UX14163,UX144F7,1,TRUE,TRUE
2c92c0f85d5964da015d648d1ed40770,UX14BBM CR骨密度測定サービス,UX14163,UX14BBM,1,TRUE,TRUE
2c92c0f85d5964da015d649018020bbc,UX142K3 CR骨密度測定サービス,UX14163,UX142K3,1,TRUE,TRUE
2c92c0f85d5964da015d6490fbb40c1f,UX140J5 CR骨密度測定サービス,UX14163,UX140J5,1,TRUE,TRUE
2c92c0f85d5964da015d649301e910cd,UX141X3 CR骨密度測定サービス,UX14163,UX141X3,1,TRUE,TRUE
2c92c0f85d5964da015d6498556e1a47,infomity ｸﾞﾙｰﾌﾟ連携 診療所ﾗｲｾﾝｽ 10施設,UX14BCQ,,1,FALSE,FALSE
2c92c0f85d5964da015d64a191732ea5,UX142F2 UNITEA胸部骨減弱処理（BS）,UX14AAL,UX142F2,1,TRUE,TRUE
2c92c0f85d5964da015d64a31c9e31c8,UX141F5 UNITEA胸部骨減弱処理（BS）,UX14AAL,UX141F5,1,TRUE,TRUE
2c92c0f85d5964da015d64a678e5358a,UX14AAA UNITEA胸部骨減弱処理（BS）,UX14AAL,UX14AAA,1,TRUE,TRUE
2c92c0f85d5964da015d64a8fc3d3a4b,UX144F7 UNITEA胸部骨減弱処理（BS）,UX14AAL,UX144F7,1,TRUE,TRUE
2c92c0f85d5964da015d64b7a75b5412,UX140X5 UNITEA胸部骨経時差分処理（TS）,UX14AAK,UX140X5,1,TRUE,TRUE
2c92c0f85d5964da015d64b917e25500,UX14AAA UNITEA胸部骨経時差分処理（TS）,UX14AAK,UX14AAA,1,TRUE,TRUE
2c92c0f85d5964da015d64b9aa4855c3,UX144F7 UNITEA胸部骨経時差分処理（TS）,UX14AAK,UX144F7,1,TRUE,TRUE
2c92c0f85d5964da015d64bc69d158f3,UX141C3 UNITEA胸部骨経時差分処理（TS）,UX14AAK,UX141C3,1,TRUE,TRUE
2c92c0f85d5964da015d64bd56245b6b,UX141E3 UNITEA胸部骨経時差分処理（TS）,UX14AAK,UX141E3,1,TRUE,TRUE
2c92c0f85d5964da015d64bdc77a5bc7,UX141F3 UNITEA胸部骨経時差分処理（TS）,UX14AAK,UX141F3,1,TRUE,TRUE
2c92c0f85d5964da015d64bf4ad35d0d,UX14BBK UNITEA胸部骨経時差分処理（TS）,UX14AAK,UX14BBK,1,TRUE,TRUE
2c92c0f85d5964da015d64c305a96168,UX144F7 DBA　基本（400GB）,A715,UX144F7,1,FALSE,FALSE
2c92c0f85d5964da015d64c90d466e6c,UX142H2 UNITEA胸部骨経時差分処理（TS）,UX14AAK,UX142H2,1,TRUE,TRUE
2c92c0f85d5964da015d64cb316771fa,UX142A2 UNITEA胸部骨経時差分処理（TS）,UX14AAK,UX142A2,1,TRUE,TRUE
2c92c0f85d5964da015d64cc66aa7309,UX142A2 EX胸部骨減弱処理（BS）,UX14AAN,UX142A2,1,TRUE,TRUE
2c92c0f85d5964da015d64cf4c2777ec,UX14722 EX胸部骨減弱処理（BS）,UX14AAN,UX14722,1,TRUE,TRUE
2c92c0f85d5964da015d64d027bf7c6b,UX140T3 EX胸部骨減弱処理（BS）,UX14AAN,UX140T3,1,TRUE,TRUE
2c92c0f85d5964da015d64e1dbb83c33,UXA40T3 部品保証　通常,PARTS,UXA40T3,1,FALSE,FALSE
2c92c0f85d5964da015d64e68c235230,UX141C3 部品保証　通常,PARTS,UX141C3,1,FALSE,FALSE
2c92c0f85d5964da015d64e98fbd5bf6,UX141E3 部品保証　通常,PARTS,UX141E3,1,FALSE,FALSE
2c92c0f85d5964da015d64e9e92c5d4d,UX141F3 部品保証　通常,PARTS,UX141F3,1,FALSE,FALSE
2c92c0f85d5964da015d64eb46cc6116,UX14AAA DATABANK　UNITEA　Cプラン,UX14053,UX14AAA,1,TRUE,FALSE
2c92c0f85d5964da015d64eb93fa61fe,UX14BBL 部品保証　通常,PARTS,UX14BBL,1,FALSE,FALSE
2c92c0f85d5964da015d64ef87ce69e9,UX14063 DBA　増設　過去10GB,A764,UX14063,1,FALSE,FALSE
2c92c0f85d5964da015d64f17c317025,UX142C2 DBA　増設　過去10GB,A764,UX142C2,1,FALSE,FALSE
2c92c0f85d5964da015d64f6cf5513cf,UX142Q2 DBA　増設　過去10GB,A764,UX142Q2,1,FALSE,FALSE
2c92c0f85d5964da015d64f7632e1690,UX14BBJ オンサイトサービス　AeroDR/UNITEA,UX14185,UX14BBJ,1,FALSE,FALSE
2c92c0f85d5964da015d64f84dfc189f,UX142S2 DBA　増設　過去10GB,A764,UX142S2,1,FALSE,FALSE
2c92c0f85d5964da015d64f997351b9e,UX14115 DBA　増設　過去10GB,A764,UX14115,1,FALSE,FALSE
2c92c0f85d5964da015d64fac5421d3f,UX142X3 DBA　増設　過去10GB,A764,UX142X3,1,FALSE,FALSE
2c92c0f85d5964da015d64fc23631f97,UX144Y3 DBA　増設　過去10GB,A764,UX144Y3,1,FALSE,FALSE
2c92c0f85d5964da015d64fd6015240d,UX14905 DBA　増設　過去10GB,A764,UX14905,1,FALSE,FALSE
2c92c0f85d5964da015d64ff22c52721,UX141G5 オンサイトサービス　SIGMA/UNITEA,UX14742,UX141G5,1,FALSE,FALSE
2c92c0f85d5964da015d6500488727e2,UX144U3 DBA　増設　過去10GB,A764,UX144U3,1,FALSE,FALSE
2c92c0f85d5964da015d6501424f28b8,UX144E7 部品保証　パネル落下保証,UXA3J8R,UX144E7,1,FALSE,FALSE
2c92c0f85d5964da015d650321852abf,UX14955 DBA　増設　過去10GB,A764,UX14955,1,FALSE,FALSE
2c92c0f85d5964da015d6504602b2c43,UX142W3 DBA　増設　過去10GB,A764,UX142W3,1,FALSE,FALSE
2c92c0f85d5964da015d650b161038f7,UX14305 DBA　増設　過去10GB,A764,UX14305,1,FALSE,FALSE
2c92c0f85d5964da015d650b8931391f,UX14005 DBA　増設　過去10GB,A764,UX14005,1,FALSE,FALSE
2c92c0f85d5964da015d650b9e043940,UX142S3 DBA　増設　新規10GB,A75U,UX142S3,1,FALSE,FALSE
2c92c0f85d5964da015d650c13b93ab7,UX143N3 DBA　増設　新規10GB,A75U,UX143N3,1,FALSE,FALSE
2c92c0f85d5964da015d650c849b3b20,UX14105 DBA　増設　過去10GB,A764,UX14105,1,FALSE,FALSE
2c92c0f85d5964da015d650d7a213c2d,UX14275 DBA　増設　過去10GB,A764,UX14275,1,FALSE,FALSE
2c92c0f85d5964da015d650df2d83c64,UX14255 DBA　増設　過去10GB,A764,UX14255,1,FALSE,FALSE
2c92c0f85d5964da015d650ed8583d7a,UX14345 DBA　増設　過去10GB,A764,UX14345,1,FALSE,FALSE
2c92c0f85d5964da015d651a0d2c4f8b,UX140U5 Open Dolphin CIS-月額利用,A8J6,UX140U5,1,FALSE,FALSE
2c92c0f85d5964dc015d59771a2910e0,UX141A2 医療行政ニュース,LGCY04,UX141A2,1,FALSE,TRUE
2c92c0f85d5964dc015d5977f5611416,UX141A2 プリントサービス,PRINT01,UX141A2,1,FALSE,TRUE
2c92c0f85d5964dc015d597c3ea03036,UX141A2 UNITEA胸部骨減弱処理（BS）,UX14AAL,UX141A2,1,TRUE,TRUE
2c92c0f85d5964dc015d599ac1042462,UX14BCQ 連携BOX　Lite　パック10,A578,UX14BCQ,10,FALSE,TRUE
2c92c0f85d5964dc015d59cb0ccf78f3,ikoTestRateOya,oyaHin001,,1,TRUE,FALSE
2c92c0f85d5964dc015d59d35ccf1672,ikoTestDataPlan,koData001,oyaHin001,1,TRUE,FALSE
2c92c0f85d5964dc015d5debb6421e17,UX14413 連携BOX　Lite,A578,UX14413,1,FALSE,TRUE
2c92c0f85d5964dc015d5deeb29f3176,UX140X5 連携BOX　Lite,A578,UX140X5,1,FALSE,TRUE
2c92c0f85d5964dc015d5def6de1346d,UX144H5 連携BOX　Lite,A578,UX144H5,1,FALSE,TRUE
2c92c0f85d5964dc015d5df1913c3a5e,UX14AAC 連携BOX　Lite,A578,UX14AAC,1,FALSE,TRUE
2c92c0f85d5964dc015d5df95e215aa6,UX14BBN 連携BOX　Lite,A578,UX14BBN,1,FALSE,TRUE
2c92c0f85d5964dc015d5dff5a7f6bd1,UX142B2 連携BOX　Lite,A578,UX142B2,1,FALSE,TRUE
2c92c0f85d5964dc015d5dffc2c06cf3,UX14762 連携BOX　Lite,A578,UX14762,1,FALSE,TRUE
2c92c0f85d5964dc015d5e0191f0721f,UX140G5 連携BOX　Lite,A578,UX140G5,1,FALSE,TRUE
2c92c0f85d5964dc015d5f8467d863f0,UX14475 連携BOX　グループ連携基本,A5U3,UX14475,1,FALSE,FALSE
2c92c0f85d5964dc015d5fb26099052a,UX14485 連携BOX　グループ連携基本,A5U3,UX14485,1,FALSE,FALSE
2c92c0f85d5964dc015d5fb47af811bd,UX14233 連携BOX　モバイル,A5U6,UX14233,1,FALSE,TRUE
2c92c0f85d5964dc015d5fb68c511f68,UX14495 連携BOX　モバイル,A5U6,UX14495,1,FALSE,TRUE
2c92c0f85d5964dc015d5fb8156d2de8,UX14303 連携BOX　モバイル,A5U6,UX14303,1,FALSE,TRUE
2c92c0f85d5964dc015d5fcd474e7d6e,UX142A2 ウェブサイト開設サポート,LGCY03,UX142A2,1,FALSE,TRUE
2c92c0f85d5964dc015d5fd54b0512c0,UX14AAA ウェブサイト開設サポート,LGCY03,UX14AAA,1,FALSE,TRUE
2c92c0f85d5964dc015d5fd7609f16ff,UX14AAD ウェブサイト開設サポート,LGCY03,UX14AAD,1,FALSE,TRUE
2c92c0f85d5964dc015d5fd7a2c217f0,UX14AAC ウェブサイト開設サポート,LGCY03,UX14AAC,1,FALSE,TRUE
2c92c0f85d5964dc015d5fe00e9639a9,UX142J2 プリントサービス,PRINT01,UX142J2,1,FALSE,TRUE
2c92c0f85d5964dc015d633ec52f5854,UX144F7 プリントサービス,PRINT01,UX144F7,1,FALSE,TRUE
2c92c0f85d5964dc015d63429d4b5e09,UX142B2 プリントサービス,PRINT01,UX142B2,1,FALSE,TRUE
2c92c0f85d5964dc015d6351fc537897,UX140K5 プリントサービス,PRINT01,UX140K5,1,FALSE,TRUE
2c92c0f85d5964dc015d63be8b8d3ea8,UX14353 プリントサービス,PRINT01,UX14353,1,FALSE,TRUE
2c92c0f85d5964dc015d63c15bec442e,UXA40T0 医療行政ニュース,LGCY04,UXA40T0,1,FALSE,TRUE
2c92c0f85d5964dc015d63c206414621,UX142A2 医療行政ニュース,LGCY04,UX142A2,1,FALSE,TRUE
2c92c0f85d5964dc015d63c585cd4ae6,UX14413 医療行政ニュース,LGCY04,UX14413,1,FALSE,TRUE
2c92c0f85d5964dc015d63d49a026203,UX141F5 医療行政ニュース,LGCY04,UX141F5,1,FALSE,TRUE
2c92c0f85d5964dc015d63d6533b6d25,UX141F3 医療行政ニュース,LGCY04,UX141F3,1,FALSE,TRUE
2c92c0f85d5964dc015d63d87f8c7f5d,infomityﾍﾞｰｽﾊﾟｯｸ(初年度),UX149R1,,1,FALSE,FALSE
2c92c0f85d5964dc015d63d9f3e30bb7,UX144E7 医療行政ニュース,LGCY04,UX144E7,1,FALSE,TRUE
2c92c0f85d5964dc015d63dad39412dd,UX144F7 医療行政ニュース,LGCY04,UX144F7,1,FALSE,TRUE
2c92c0f85d5964dc015d63dc5ff81bc9,UX141E3 医療行政ニュース,LGCY04,UX141E3,1,FALSE,TRUE
2c92c0f85d5964dc015d63e1263e40b1,UX14BBN 医療行政ニュース,LGCY04,UX14BBN,1,FALSE,TRUE
2c92c0f85d5964dc015d63e5e0816253,infomity CIS お任せﾊﾟｯｸ(Aﾌﾟﾗﾝ),UX140U3,,1,FALSE,FALSE
2c92c0f85d5964dc015d63f2fe0e4467,infomity お任せﾘｰｽﾌﾟﾗﾝ(総合M) 定額料金,UX141A2,,1,FALSE,FALSE
2c92c0f85d5964dc015d63f4b6bb555c,infomityお任せｵﾝｻｲﾄﾊﾟｯｸ(Aﾌﾟﾗﾝ) 定額料金,UX14383,,1,FALSE,FALSE
2c92c0f85d5964dc015d63faa04f689c,お任せﾌﾟﾗﾝ Uniteaｿﾌﾄ買取料,UX144E5,,1,FALSE,FALSE
2c92c0f85d5964dc015d640c578e325f,infomity DRお任せｵﾝｻｲﾄﾊﾟｯｸ(Sﾌﾟﾗﾝ ﾊﾟﾈﾙ保証無)定額料金,UX141D3,,1,FALSE,FALSE
2c92c0f85d5964dc015d640f0753494b,infomity DRお任せｵﾝｻｲﾄﾊﾟｯｸ(Sﾌﾟﾗﾝ ﾊﾟﾈﾙ保証有)定額料金2,UX144E7,,1,FALSE,FALSE
2c92c0f85d5964dc015d640fd149506d,UXA40T0 遠隔読影支援サービス,READINGIMAGE,UXA40T0,1,FALSE,TRUE
2c92c0f85d5964dc015d64128f4b5ec4,UX142J2 遠隔読影支援サービス,READINGIMAGE,UX142J2,1,FALSE,TRUE
2c92c0f85d5964dc015d641d319d1dfd,UXA40T4 遠隔読影支援サービス,READINGIMAGE,UXA40T4,1,FALSE,TRUE
2c92c0f85d5964dc015d641e65f028ad,UX141F5 遠隔読影支援サービス,READINGIMAGE,UX141F5,1,FALSE,TRUE
2c92c0f85d5964dc015d641f4c85301c,UX144H5 遠隔読影支援サービス,READINGIMAGE,UX144H5,1,FALSE,TRUE
2c92c0f85d5964dc015d642115163927,infomity  お任せﾌﾟﾗﾝ(Aﾌﾟﾗﾝ) 定額料金,UXA40T2,,1,FALSE,FALSE
2c92c0f85d5964dc015d6421f3073c12,infomity  お任せﾌﾟﾗﾝ(Bﾌﾟﾗﾝ) 定額料金,UXA40T3,,1,FALSE,FALSE
2c92c0f85d5964dc015d64231435436f,UX14BBK 遠隔読影支援サービス,READINGIMAGE,UX14BBK,1,FALSE,TRUE
2c92c0f85d5964dc015d64231c8f43a5,UX14BBL 遠隔読影支援サービス,READINGIMAGE,UX14BBL,1,FALSE,TRUE
2c92c0f85d5964dc015d6428430768f6,UX14253 遠隔読影支援サービス,READINGIMAGE,UX14253,1,FALSE,TRUE
2c92c0f85d5964dc015d6429abf8742a,UX14475 遠隔読影支援サービス,READINGIMAGE,UX14475,1,FALSE,TRUE
2c92c0f85d5964dc015d642c58740d15,UX14762 遠隔読影支援サービス,READINGIMAGE,UX14762,1,FALSE,TRUE
2c92c0f85d5964dc015d64302cd332e0,UX142A2 スマートアップデートサービス,RVUP-UNITEA,UX142A2,1,FALSE,FALSE
2c92c0f85d5964dc015d643b709c2905,ﾃﾞｰﾀﾊﾞﾝｸｱｰｶｲﾋﾞﾝｸﾞ 新規ﾃﾞｰﾀ 5年 5TB,UX144A3,,1,FALSE,FALSE
2c92c0f85d5964dc015d643b82a5293d,UX14AAA スマートアップデートサービス,RVUP-UNITEA,UX14AAA,1,FALSE,FALSE
2c92c0f85d5964dc015d643c70fd3405,UX14AAD スマートアップデートサービス,RVUP-UNITEA,UX14AAD,1,FALSE,FALSE
2c92c0f85d5964dc015d643d534b3e8b,UX141C3 スマートアップデートサービス,RVUP-UNITEA,UX141C3,1,FALSE,FALSE
2c92c0f85d5964dc015d643d854b4219,ﾃﾞｰﾀﾊﾞﾝｸｱｰｶｲﾋﾞﾝｸﾞ 過去ﾃﾞｰﾀ 5年 3TB,UX14015,,1,FALSE,FALSE
2c92c0f85d5964dc015d643f9b315956,ﾃﾞｰﾀﾊﾞﾝｸｱｰｶｲﾋﾞﾝｸﾞ 過去ﾃﾞｰﾀ 5年 100GB,UX142U3,,1,FALSE,FALSE
2c92c0f85d5964dc015d644120d46d12,UX144F7 スマートアップデートサービス,RVUP-UNITEA,UX144F7,1,FALSE,FALSE
2c92c0f85d5964dc015d644440b809de,ﾃﾞｰﾀﾊﾞﾝｸｱｰｶｲﾋﾞﾝｸﾞ 過去ﾃﾞｰﾀ 5年 300GB,UX144W3,,1,FALSE,FALSE
2c92c0f85d5964dc015d6444f1100e9a,ﾃﾞｰﾀﾊﾞﾝｸｱｰｶｲﾋﾞﾝｸﾞ 過去ﾃﾞｰﾀ 5年 400GB,UX144X3,,1,FALSE,FALSE
2c92c0f85d5964dc015d644553d81249,UX140U3 スマートアップデートサービス,RVUP-UNITEA,UX140U3,1,FALSE,FALSE
2c92c0f85d5964dc015d6448d49a2e93,ﾃﾞｰﾀﾊﾞﾝｸｱｰｶｲﾋﾞﾝｸﾞ 過去ﾃﾞｰﾀ ｺｰﾙﾄﾞ 5年 30GB,UX14915,,1,FALSE,FALSE
2c92c0f85d5964dc015d644e40ce5065,ﾃﾞｰﾀﾊﾞﾝｸｱｰｶｲﾋﾞﾝｸﾞ 過去ﾃﾞｰﾀ ｺｰﾙﾄﾞ 5年 1TB,UX14995,,1,FALSE,FALSE
2c92c0f85d5964dc015d644ecc72560d,UXA40T0 ウイルス対策サービス,UXA40T7,UXA40T0,1,FALSE,FALSE
2c92c0f85d5964dc015d6451a8086464,UX140T3 ウイルス対策サービス,UXA40T7,UX140T3,1,FALSE,FALSE
2c92c0f85d5964dc015d645bd5f41392,UXA40T2 ウイルス対策サービス,UXA40T7,UXA40T2,1,FALSE,FALSE
2c92c0f85d5964dc015d645f4f49179b,ﾃﾞｰﾀﾊﾞﾝｸｱｰｶｲﾋﾞﾝｸﾞ 過去ﾃﾞｰﾀ 1年 200GB,UX14095,,1,FALSE,FALSE
2c92c0f85d5964dc015d6465f9502388,ﾃﾞｰﾀﾊﾞﾝｸｱｰｶｲﾋﾞﾝｸﾞ ｱｼｽﾄ 1年 500GB,UX14305,,1,FALSE,FALSE
2c92c0f85d5964dc015d6469679d2731,UX142A2 セキュアインターネット,UXA40T8,UX142A2,1,FALSE,FALSE
2c92c0f85d5964dc015d6469f13b2850,UX142H2 セキュアインターネット,UXA40T8,UX142H2,1,FALSE,FALSE
2c92c0f85d5964dc015d646b9f3a2ac5,UX14383 セキュアインターネット,UXA40T8,UX14383,1,FALSE,FALSE
2c92c0f85d5964dc015d646bf8b62b50,UX14393 セキュアインターネット,UXA40T8,UX14393,1,FALSE,FALSE
2c92c0f85d5964dc015d646c5b582c0d,UX14403 セキュアインターネット,UXA40T8,UX14403,1,FALSE,FALSE
2c92c0f85d5964dc015d646df8b92f53,UX140X5 セキュアインターネット,UXA40T8,UX140X5,1,FALSE,FALSE
2c92c0f85d5964dc015d646e1e752ff6,HP作成支援･行政ﾆｭｰｽ(5年),UX14782,,1,FALSE,FALSE
2c92c0f85d5964dc015d646f2c52311e,HP作成支援･行政ﾆｭｰｽ(単年),UX148H3,,1,FALSE,FALSE
2c92c0f85d5964dc015d6472003235f3,SmartVPN (ﾌｧｲﾊﾞｰｺﾈｸﾄ) ﾗﾝﾆﾝｸﾞ費用(5年契約),UX144A5,,1,FALSE,FALSE
2c92c0f85d5964dc015d647556f339cb,OD-VPN ｾｷｭｱｲﾝﾀｰﾈｯﾄ 2年目以降(2年契約),UX14363,,1,FALSE,FALSE
2c92c0f85d5964dc015d6477a6903c45,UX142B2 セキュアインターネット,UXA40T8,UX142B2,1,FALSE,FALSE
2c92c0f85d5964dc015d647afe6740fb,infomity 安心ﾊﾟｯｸ 250GB,UX14762,,1,FALSE,FALSE
2c92c0f85d5964dc015d647ea3f54c89,ﾃﾞｰﾀﾊﾞﾝｸ 500GB(単年),UX142D2,,1,FALSE,FALSE
2c92c0f85d5964dc015d64833fb6537e,UX142E2 CR骨密度測定サービス,UX14163,UX142E2,1,TRUE,TRUE
2c92c0f85d5964dc015d64855fc0564f,UXA40T4 CR骨密度測定サービス,UX14163,UXA40T4,1,TRUE,TRUE
2c92c0f85d5964dc015d648665b857a0,ﾃﾞｰﾀﾊﾞﾝｸ 500GB (4年),UX142S2,,1,FALSE,FALSE
2c92c0f85d5964dc015d6488ac175be6,連携BOX 容量追加 10GB (2年),UX14013,,1,FALSE,FALSE
2c92c0f85d5964dc015d6489513a5c55,UX141F3 CR骨密度測定サービス,UX14163,UX141F3,1,TRUE,TRUE
2c92c0f85d5964dc015d648a18be5e16,UX14BBP CR骨密度測定サービス,UX14163,UX14BBP,1,TRUE,TRUE
2c92c0f85d5964dc015d648c15b06115,UX141D3 CR骨密度測定サービス,UX14163,UX141D3,1,TRUE,TRUE
2c92c0f85d5964dc015d648c70cc6171,UX141E3 CR骨密度測定サービス,UX14163,UX141E3,1,TRUE,TRUE
2c92c0f85d5964dc015d648df98d62ef,UX141G5 CR骨密度測定サービス,UX14163,UX141G5,1,TRUE,TRUE
2c92c0f85d5964dc015d648e5fba637e,UX14ADY CR骨密度測定サービス,UX14163,UX14ADY,1,TRUE,TRUE
2c92c0f85d5964dc015d648ebe5663fe,UX14BBN CR骨密度測定サービス,UX14163,UX14BBN,1,TRUE,TRUE
2c92c0f85d5964dc015d64909a3565cb,UX140G5 CR骨密度測定サービス,UX14163,UX140G5,1,TRUE,TRUE
2c92c0f85d5964dc015d64928d8f6751,UX140K5 CR骨密度測定サービス,UX14163,UX140K5,1,TRUE,TRUE
2c92c0f85d5964dc015d649349a867b5,連携BOX 施設登録20ﾕｰｻﾞｰ追加,UX14273,,1,FALSE,FALSE
2c92c0f85d5964dc015d6495a2f46938,連携BOX 容量追加 10GB (単年),UX14772,,1,FALSE,FALSE
2c92c0f85d5964dc015d6497d2516d13,infomity ｸﾞﾙｰﾌﾟ連携 病院ﾗｲｾﾝｽ 10GB,UX14243,,1,FALSE,FALSE
2c92c0f85d5964dc015d64a122850476,UX14413 UNITEA胸部骨減弱処理（BS）,UX14AAL,UX14413,1,TRUE,TRUE
2c92c0f85d5964dc015d64a739290d11,UX141C3 UNITEA胸部骨減弱処理（BS）,UX14AAL,UX141C3,1,TRUE,TRUE
2c92c0f85d5964dc015d64bc25b42bdf,UX141X3 DATABANK　2TB,A718,UX141X3,1,FALSE,FALSE
2c92c0f85d5964dc015d64be26752dba,UX144E7 UNITEA胸部骨経時差分処理（TS）,UX14AAK,UX144E7,1,TRUE,TRUE
2c92c0f85d5964dc015d64be52ad2dd0,UX141C3 DBA　基本（400GB）,A715,UX141C3,1,FALSE,FALSE
2c92c0f85d5964dc015d64bebdea2e88,UX14BBK DBA　基本（400GB）,A715,UX14BBK,1,FALSE,FALSE
2c92c0f85d5964dc015d64bfd6e82f2b,UX141F3 DBA　基本（400GB）,A715,UX141F3,1,FALSE,FALSE
2c92c0f85d5964dc015d64c376f83377,UX141D3 DBA　基本（400GB）,A715,UX141D3,1,FALSE,FALSE
2c92c0f85d5964dc015d64d10d794aff,UX14AAB DATABANK　UNITEA　Aプラン（月度超過課金）,UX14053,UX14AAB,1,TRUE,FALSE
2c92c0f85d5964dc015d64dfa07d102b,UX14AAC DATABANK　UNITEA　Bプラン（月度超過課金）,UX14053,UX14AAC,1,TRUE,FALSE
2c92c0f85d5964dc015d64e00ffb1070,UXA40T3 DATABANK　UNITEA　Bプラン（月度超過課金）,UX14053,UXA40T3,1,TRUE,FALSE
2c92c0f85d5964dc015d64e2b15c15fb,UX140X5 部品保証　通常,PARTS,UX140X5,1,FALSE,FALSE
2c92c0f85d5964dc015d64eae8a83445,UX14BBJ 部品保証　通常,PARTS,UX14BBJ,1,FALSE,FALSE
2c92c0f85d5964dc015d64eb301a359e,UX14BBK 部品保証　通常,PARTS,UX14BBK,1,FALSE,FALSE
2c92c0f85d5964dc015d64ec8c4f3a89,UXA40T4 DATABANK　UNITEA　Cプラン,UX14053,UXA40T4,1,TRUE,FALSE
2c92c0f85d5964dc015d64f1f62a55ac,UX142L2 DBA　増設　過去10GB,A764,UX142L2,1,FALSE,FALSE
2c92c0f85d5964dc015d64f53a446e43,UX141E3 オンサイトサービス　AeroDR/UNITEA,UX14185,UX141E3,1,FALSE,FALSE
2c92c0f85d5964dc015d64f6614571c2,UX14073 DBA　増設　過去10GB,A764,UX14073,1,FALSE,FALSE
2c92c0f85d5964dc015d64f7e1b4765c,UX142N2 DBA　増設　過去10GB,A764,UX142N2,1,FALSE,FALSE
2c92c0f85d5964dc015d64f8a78a7978,UX14BBM オンサイトサービス　AeroDR/UNITEA,UX14185,UX14BBM,1,FALSE,FALSE
2c92c0f85d5964dc015d64fcd78605b2,UX14393 オンサイトサービス　SIGMA/UNITEA,UX14742,UX14393,1,FALSE,FALSE
2c92c0f85d5964dc015d64fe2718081e,UX14945 DBA　増設　過去10GB,A764,UX14945,1,FALSE,FALSE
2c92c0f85d5964dc015d6501a6d30cbe,UX144T3 DBA　増設　過去10GB,A764,UX144T3,1,FALSE,FALSE
2c92c0f85d5964dc015d65022d370d4c,UX14BBL 部品保証　パネル落下保証,UXA3J8R,UX14BBL,1,FALSE,FALSE
2c92c0f85d5964dc015d650544191160,UX140A5 DBA　増設　過去10GB,A764,UX140A5,1,FALSE,FALSE
2c92c0f85d5964dc015d6507c3bc16a8,UX142D3 DBA　増設　過去10GB,A764,UX142D3,1,FALSE,FALSE
2c92c0f85d5964dc015d650a98031923,UX14285 DBA　増設　過去10GB,A764,UX14285,1,FALSE,FALSE
2c92c0f85d5964dc015d650f6de820ed,UX143V3 DBA　増設　新規10GB,A75U,UX143V3,1,FALSE,FALSE
2c92c0f85d5964dc015d650fcfcb2123,UX143W3 DBA　増設　新規10GB,A75U,UX143W3,1,FALSE,FALSE
2c92c0f85d5964dc015d6510d83022c3,UX142B2 DATABANK　500GB,A70H,UX142B2,1,FALSE,FALSE
2c92c0f85d5964dc015d65111e8422f3,UX144B3 DBA　増設　新規10GB,A75U,UX144B3,1,FALSE,FALSE
2c92c0f85d5964dc015d6512a7a92451,UX144F3 DBA　増設　新規10GB,A75U,UX144F3,1,FALSE,FALSE
2c92c0f85d5964dc015d6516b28e304b,UX141A3 UNITEA-CIS-月額利用,A6PJ,UX141A3,1,FALSE,FALSE
2c92c0f85d5964dc015d6517c76a318a,UX14395 UNITEA　CIS-MOBILE月額利用,A7V1,UX14395,1,FALSE,FALSE
2c92c0f85d5964dc015d6518cfb43293,UX14425 UNITEA　CIS-追加クライアント月額利用,A7V2,UX14425,1,FALSE,FALSE
2c92c0f85d59652c015d597646c20942,UX141A2 ウェブサイト開設サポート,LGCY03,UX141A2,1,FALSE,TRUE
2c92c0f85d59652c015d5978d8b81397,UX141A2 スマートアップデートサービス,RVUP-UNITEA,UX141A2,1,FALSE,FALSE
2c92c0f85d59652c015d597e1be82f9d,UX141A2 ウイルス対策サービス,UXA40T7,UX141A2,1,FALSE,FALSE
2c92c0f85d59652c015d5de2e12e4a5b,UXA40T0 連携BOX　Lite,A578,UXA40T0,1,FALSE,TRUE
2c92c0f85d59652c015d5de8adeb0d8d,UX14722 連携BOX　Lite,A578,UX14722,1,FALSE,TRUE
2c92c0f85d59652c015d5deb56a217dc,UX142H3 連携BOX　Lite,A578,UX142H3,1,FALSE,TRUE
2c92c0f85d59652c015d5df1df0238b0,UX14AAD 連携BOX　Lite,A578,UX14AAD,1,FALSE,TRUE
2c92c0f85d59652c015d5df2b48d3c96,UX14ADY 連携BOX　Lite,A578,UX14ADY,1,FALSE,TRUE
2c92c0f85d59652c015d5df319923fd2,UX141C3 連携BOX　Lite,A578,UX141C3,1,FALSE,TRUE
2c92c0f85d59652c015d5df86e1057cb,UX14BBL 連携BOX　Lite,A578,UX14BBL,1,FALSE,TRUE
2c92c0f85d59652c015d5df9c17c5c15,UX14BBP 連携BOX　Lite,A578,UX14BBP,1,FALSE,TRUE
2c92c0f85d59652c015d5dfb31d46108,UX14253 連携BOX　Lite,A578,UX14253,1,FALSE,TRUE
2c92c0f85d59652c015d5e007fea7288,UX141X3 連携BOX　Lite,A578,UX141X3,1,FALSE,TRUE
2c92c0f85d59652c015d5fbb887c6a2b,UX14303 連携BOX　検査予約サービス,A5U2,UX14303,1,FALSE,FALSE
2c92c0f85d59652c015d5fbf42ba7c26,UX14263 連携BOX　登録ユーザー追加サービス,UX14283,UX14263,1,FALSE,FALSE
2c92c0f85d59652c015d5fcfa6e22c0b,UX149R1 ウェブサイト開設サポート,LGCY03,UX149R1,1,FALSE,TRUE
2c92c0f85d59652c015d5fcfef042cc7,UX140T3 ウェブサイト開設サポート,LGCY03,UX140T3,1,FALSE,TRUE
2c92c0f85d59652c015d5fd11f2d3105,UX142E2 ウェブサイト開設サポート,LGCY03,UX142E2,1,FALSE,TRUE
2c92c0f85d59652c015d5fd17d0831f9,UX142H3 ウェブサイト開設サポート,LGCY03,UX142H3,1,FALSE,TRUE
2c92c0f85d59652c015d5fd1f1ab339e,UX14383 ウェブサイト開設サポート,LGCY03,UX14383,1,FALSE,TRUE
2c92c0f85d59652c015d5fd24d54346b,UX140X5 ウェブサイト開設サポート,LGCY03,UX140X5,1,FALSE,TRUE
2c92c0f85d59652c015d5fd2a3c334be,UX144H5 ウェブサイト開設サポート,LGCY03,UX144H5,1,FALSE,TRUE
2c92c0f85d59652c015d5fd2f15b35be,UXA40T4 ウェブサイト開設サポート,LGCY03,UXA40T4,1,FALSE,TRUE
2c92c0f85d59652c015d5fd66dc03f21,UX141F3 ウェブサイト開設サポート,LGCY03,UX141F3,1,FALSE,TRUE
2c92c0f85d59652c015d5fd9748d4e23,UX141E3 ウェブサイト開設サポート,LGCY03,UX141E3,1,FALSE,TRUE
2c92c0f85d59652c015d5fdabb47540a,UX141G5 ウェブサイト開設サポート,LGCY03,UX141G5,1,FALSE,TRUE
2c92c0f85d59652c015d5fdf6e62638f,UX142H2 プリントサービス,PRINT01,UX142H2,1,FALSE,TRUE
2c92c0f85d59652c015d5fe06d806a6a,UX14383 プリントサービス,PRINT01,UX14383,1,FALSE,TRUE
2c92c0f85d59652c015d6341b29918dc,UX14BBN プリントサービス,PRINT01,UX14BBN,1,FALSE,TRUE
2c92c0f85d59652c015d63c390c46b28,UX14722 医療行政ニュース,LGCY04,UX14722,1,FALSE,TRUE
2c92c0f85d59652c015d63c7a4d4719b,UX142H3 医療行政ニュース,LGCY04,UX142H3,1,FALSE,TRUE
2c92c0f85d59652c015d63d139860107,infomityﾍﾞｰｽﾊﾟｯｸ(4年契約),UX14413,,1,FALSE,FALSE
2c92c0f85d59652c015d63d8af7e2997,UX14AAC 医療行政ニュース,LGCY04,UX14AAC,1,FALSE,TRUE
2c92c0f85d59652c015d63db37bf3eaf,UX141D3 医療行政ニュース,LGCY04,UX141D3,1,FALSE,TRUE
2c92c0f85d59652c015d63e1ce666794,UX14762 医療行政ニュース,LGCY04,UX14762,1,FALSE,TRUE
2c92c0f85d59652c015d63e4dd1e7d1d,UX14782 医療行政ニュース,LGCY04,UX14782,1,FALSE,TRUE
2c92c0f85d59652c015d63eeaaf04b9b,Open Dolphin CIS (5年契約),UX140U5,,1,FALSE,FALSE
2c92c0f85d59652c015d640b7ddc3f5d,infomity DRお任せｵﾝｻｲﾄﾊﾟｯｸ(Sﾌﾟﾗﾝ ﾊﾟﾈﾙ保証有)定額料金,UX141C3,,1,FALSE,FALSE
2c92c0f85d59652c015d640d253e4e34,infomity DRお任せｵﾝｻｲﾄﾊﾟｯｸ(Gﾌﾟﾗﾝ ﾊﾟﾈﾙ保証有)定額料金,UX141E3,,1,FALSE,FALSE
2c92c0f85d59652c015d641ca633313b,UXA40T3 遠隔読影支援サービス,READINGIMAGE,UXA40T3,1,FALSE,TRUE
2c92c0f85d59652c015d641d3c503801,infomity DR新お任せﾌﾟﾗﾝ(ﾊﾟﾈﾙ保証無)定額料金/初期投資抑制ﾀｲﾌﾟ,UX14BBM,,1,FALSE,FALSE
2c92c0f85d59652c015d64219e0f59f9,UX141E3 遠隔読影支援サービス,READINGIMAGE,UX141E3,1,FALSE,TRUE
2c92c0f85d59652c015d6422057c5af0,UX141F3 遠隔読影支援サービス,READINGIMAGE,UX141F3,1,FALSE,TRUE
2c92c0f85d59652c015d64260442792c,UX14BBP 遠隔読影支援サービス,READINGIMAGE,UX14BBP,1,FALSE,TRUE
2c92c0f85d59652c015d6427c8250304,UX14233 遠隔読影支援サービス,READINGIMAGE,UX14233,1,FALSE,TRUE
2c92c0f85d59652c015d642a2bd116fc,UX14495 遠隔読影支援サービス,READINGIMAGE,UX14495,1,FALSE,TRUE
2c92c0f85d59652c015d642e3c874cae,ﾃﾞｰﾀﾊﾞﾝｸｱｰｶｲﾋﾞﾝｸﾞ 新規ﾃﾞｰﾀ 5年 100GB,UX142N3,,1,FALSE,FALSE
2c92c0f85d59652c015d64309c2f6a1e,ﾃﾞｰﾀﾊﾞﾝｸｱｰｶｲﾋﾞﾝｸﾞ 新規ﾃﾞｰﾀ 5年 1TB,UX142P3,,1,FALSE,FALSE
2c92c0f85d59652c015d64322ecb7851,ﾃﾞｰﾀﾊﾞﾝｸｱｰｶｲﾋﾞﾝｸﾞ 新規ﾃﾞｰﾀ 5年 30GB,UX143P3,,1,FALSE,FALSE
2c92c0f85d59652c015d6433151300a1,UX142E2 スマートアップデートサービス,RVUP-UNITEA,UX142E2,1,FALSE,FALSE
2c92c0f85d59652c015d6434068f09c5,ﾃﾞｰﾀﾊﾞﾝｸｱｰｶｲﾋﾞﾝｸﾞ 新規ﾃﾞｰﾀ 5年 200GB,UX143S3,,1,FALSE,FALSE
2c92c0f85d59652c015d6434727f0e63,UX14413 スマートアップデートサービス,RVUP-UNITEA,UX14413,1,FALSE,FALSE
2c92c0f85d59652c015d643764752aef,UXA40T3 スマートアップデートサービス,RVUP-UNITEA,UXA40T3,1,FALSE,FALSE
2c92c0f85d59652c015d64380bf635d8,UXA40T4 スマートアップデートサービス,RVUP-UNITEA,UXA40T4,1,FALSE,FALSE
2c92c0f85d59652c015d64407b631bed,UX144E7 スマートアップデートサービス,RVUP-UNITEA,UX144E7,1,FALSE,FALSE
2c92c0f85d59652c015d644192f529ad,UX14BBJ スマートアップデートサービス,RVUP-UNITEA,UX14BBJ,1,FALSE,FALSE
2c92c0f85d59652c015d64456e7447a4,UX141G5 スマートアップデートサービス,RVUP-UNITEA,UX141G5,1,FALSE,FALSE
2c92c0f85d59652c015d64475bb95add,UX142B2 スマートアップデートサービス,RVUP-UNITEA,UX142B2,1,FALSE,FALSE
2c92c0f85d59652c015d644b8ede7b26,ﾃﾞｰﾀﾊﾞﾝｸｱｰｶｲﾋﾞﾝｸﾞ 過去ﾃﾞｰﾀ ｺｰﾙﾄﾞ 5年 200GB,UX14955,,1,FALSE,FALSE
2c92c0f85d59652c015d645454772e74,UX14413 ウイルス対策サービス,UXA40T7,UX14413,1,FALSE,FALSE
2c92c0f85d59652c015d645a042942e9,ﾃﾞｰﾀﾊﾞﾝｸｱｰｶｲﾋﾞﾝｸﾞ 新規ﾃﾞｰﾀ 1年 300GB,UX144H3,,1,FALSE,FALSE
2c92c0f85d59652c015d645c393b45f5,UXA40T3 ウイルス対策サービス,UXA40T7,UXA40T3,1,FALSE,FALSE
2c92c0f85d59652c015d645eaa154827,UX14AAC ウイルス対策サービス,UXA40T7,UX14AAC,1,FALSE,FALSE
2c92c0f85d59652c015d645eb43b482e,ﾃﾞｰﾀﾊﾞﾝｸｱｰｶｲﾋﾞﾝｸﾞ 過去ﾃﾞｰﾀ 1年 50GB,UX14085,,1,FALSE,FALSE
2c92c0f85d59652c015d645fdbf649b7,UX141C3 ウイルス対策サービス,UXA40T7,UX141C3,1,FALSE,FALSE
2c92c0f85d59652c015d64603ee54a60,UX141D3 ウイルス対策サービス,UXA40T7,UX141D3,1,FALSE,FALSE
2c92c0f85d59652c015d646175f74be2,UX144F7 ウイルス対策サービス,UXA40T7,UX144F7,1,FALSE,FALSE
2c92c0f85d59652c015d64618e6f4c19,UX144E7 ウイルス対策サービス,UXA40T7,UX144E7,1,FALSE,FALSE
2c92c0f85d59652c015d646256534e1b,ﾃﾞｰﾀﾊﾞﾝｸｱｰｶｲﾋﾞﾝｸﾞ ｱｼｽﾄ 1年 20GB,UX14225,,1,FALSE,FALSE
2c92c0f85d59652c015d646556bd5352,ﾃﾞｰﾀﾊﾞﾝｸｱｰｶｲﾋﾞﾝｸﾞ ｱｼｽﾄ 1年 400GB,UX14295,,1,FALSE,FALSE
2c92c0f85d59652c015d6465b42753ca,UX142B2 ウイルス対策サービス,UXA40T7,UX142B2,1,FALSE,FALSE
2c92c0f85d59652c015d646a6aa859d6,UX142J2 セキュアインターネット,UXA40T8,UX142J2,1,FALSE,FALSE
2c92c0f85d59652c015d646eb82e60b6,UX144H5 セキュアインターネット,UXA40T8,UX144H5,1,FALSE,FALSE
2c92c0f85d59652c015d646f823761a7,UX14AAC セキュアインターネット,UXA40T8,UX14AAC,1,FALSE,FALSE
2c92c0f85d59652c015d64730e0a67cf,UX144F7 セキュアインターネット,UXA40T8,UX144F7,1,FALSE,FALSE
2c92c0f85d59652c015d6473c1286881,UX14BBK セキュアインターネット,UXA40T8,UX14BBK,1,FALSE,FALSE
2c92c0f85d59652c015d6474c8f1707b,UX14BBM セキュアインターネット,UXA40T8,UX14BBM,1,FALSE,FALSE
2c92c0f85d59652c015d6475a6617124,UX14BBP セキュアインターネット,UXA40T8,UX14BBP,1,FALSE,FALSE
2c92c0f85d59652c015d64762d227233,UX140U3 セキュアインターネット,UXA40T8,UX140U3,1,FALSE,FALSE
2c92c0f85d59652c015d647a524178d9,UX14363 セキュアインターネット,UXA40T8,UX14363,1,FALSE,FALSE
2c92c0f85d59652c015d647f8cbd028f,ﾃﾞｰﾀﾊﾞﾝｸｻｰﾋﾞｽ 容量追加 50GB (単年),UX14063,,1,FALSE,FALSE
2c92c0f85d59652c015d648013870331,UX142H2 CR骨密度測定サービス,UX14163,UX142H2,1,TRUE,TRUE
2c92c0f85d59652c015d648207a407ff,UX140T3 CR骨密度測定サービス,UX14163,UX140T3,1,TRUE,TRUE
2c92c0f85d59652c015d648423760b3a,ﾃﾞｰﾀﾊﾞﾝｸ 250GB (4年),UX142M2,,1,FALSE,FALSE
2c92c0f85d59652c015d64863b180ebe,UXA40T2 CR骨密度測定サービス,UX14163,UXA40T2,1,TRUE,TRUE
2c92c0f85d59652c015d64872c210fe1,UX14393 CR骨密度測定サービス,UX14163,UX14393,1,TRUE,TRUE
2c92c0f85d59652c015d64892cef1360,連携BOX 容量追加 10GB (3年),UX14023,,1,FALSE,FALSE
2c92c0f85d59652c015d648a5eec16fe,連携BOX 容量追加 10GB (4年),UX14033,,1,FALSE,FALSE
2c92c0f85d59652c015d64904dc71e16,infomity 連携BOXｽﾀﾝﾀﾞｰﾄﾞ,UX142G2,,1,FALSE,FALSE
2c92c0f85d59652c015d649135301f73,infomity 連携BOX ﾓﾊﾞｲﾙ,UX14293,,1,FALSE,FALSE
2c92c0f85d59652c015d6491b9691fe5,連携BOX 施設登録10ﾕｰｻﾞｰ追加,UX14263,,1,FALSE,FALSE
2c92c0f85d59652c015d64936e51211a,UX142L3 CR骨密度測定サービス,UX14163,UX142L3,1,TRUE,TRUE
2c92c0f85d59652c015d6494f1f5225a,連携BOX 容量追加 10GB (5年),UX14043,,1,FALSE,FALSE
2c92c0f85d59652c015d6498e18229e5,infomity ｸﾞﾙｰﾌﾟ連携 診療所ﾗｲｾﾝｽ 20施設,UX14BCR,,1,FALSE,FALSE
2c92c0f85d59652c015d64997a652aee,infomity連携ﾊﾟｯｸA-1 ﾗﾝﾆﾝｸﾞ,UX14455,,1,FALSE,FALSE
2c92c0f85d59652c015d64a2c18141db,UX144H5 UNITEA胸部骨減弱処理（BS）,UX14AAL,UX144H5,1,TRUE,TRUE
2c92c0f85d59652c015d64b17dc15969,UX142K3 DBA　基本（200GB）,A75R,UX142K3,1,FALSE,FALSE
2c92c0f85d59652c015d64b2ff7b5b45,UXA40T1 UNITEA胸部骨経時差分処理（TS）,UX14AAK,UXA40T1,1,TRUE,TRUE
2c92c0f85d59652c015d64b51a7e5d66,UX149R1 UNITEA胸部骨経時差分処理（TS）,UX14AAK,UX149R1,1,TRUE,TRUE
2c92c0f85d59652c015d64b5c1cc5fde,UX142F2 UNITEA胸部骨経時差分処理（TS）,UX14AAK,UX142F2,1,TRUE,TRUE
2c92c0f85d59652c015d64b8ab1d61b4,UX144H5 UNITEA胸部骨経時差分処理（TS）,UX14AAK,UX144H5,1,TRUE,TRUE
2c92c0f85d59652c015d64b995ce62d7,UX140J5 DBA　基本（200GB）,A75R,UX140J5,1,FALSE,FALSE
2c92c0f85d59652c015d64bacb2a6464,UX140H5 DBA　基本（200GB）,A75R,UX140H5,1,FALSE,FALSE
2c92c0f85d59652c015d64bebfa36a37,UX14BBJ UNITEA胸部骨経時差分処理（TS）,UX14AAK,UX14BBJ,1,TRUE,TRUE
2c92c0f85d59652c015d64c01a316a86,UX14BBM UNITEA胸部骨経時差分処理（TS）,UX14AAK,UX14BBM,1,TRUE,TRUE
2c92c0f85d59652c015d64c07e1f6b1d,UX14BBN UNITEA胸部骨経時差分処理（TS）,UX14AAK,UX14BBN,1,TRUE,TRUE
2c92c0f85d59652c015d64c137056bd4,UX14BBL DBA　基本（400GB）,A715,UX14BBL,1,FALSE,FALSE
2c92c0f85d59652c015d64c4008e6f67,UX142J2 EX胸部骨経時差分処理（TS）,UX14AAM,UX142J2,1,TRUE,TRUE
2c92c0f85d59652c015d64c43dc46f8b,UX14BBM DBA　基本（400GB）,A715,UX14BBM,1,FALSE,FALSE
2c92c0f85d59652c015d64c677067229,UX142E2 EX胸部骨経時差分処理（TS）,UX14AAM,UX142E2,1,TRUE,TRUE
2c92c0f85d59652c015d64c9cd7f7620,UX142J2 UNITEA胸部骨経時差分処理（TS）,UX14AAK,UX142J2,1,TRUE,TRUE
2c92c0f85d59652c015d64ce34a57c4e,UX142H2 EX胸部骨減弱処理（BS）,UX14AAN,UX142H2,1,TRUE,TRUE
2c92c0f85d59652c015d64d0756d0106,UX144G5 DATABANK　UNITEA　Aプラン（月度超過課金）,UX14053,UX144G5,1,TRUE,FALSE
2c92c0f85d59652c015d64d0815f0144,UX149R1 EX胸部骨減弱処理（BS）,UX14AAN,UX149R1,1,TRUE,TRUE
2c92c0f85d59652c015d64d1686103b7,UX142F2 EX胸部骨減弱処理（BS）,UX14AAN,UX142F2,1,TRUE,TRUE
2c92c0f85d59652c015d64d226ae0cad,UX14413 EX胸部骨減弱処理（BS）,UX14AAN,UX14413,1,TRUE,TRUE
2c92c0f85d59652c015d64d256010e1b,UX14393 DATABANK　UNITEA　Bプラン（月度超過課金）,UX14053,UX14393,1,TRUE,FALSE
2c92c0f85d59652c015d64db8009276c,UX14BBM UNITEA胸部骨減弱処理（BS）本契約内包,UX14AAL,UX14BBM,1,FALSE,TRUE
2c92c0f85d59652c015d64dfa80a390b,UX14383 部品保証　通常,PARTS,UX14383,1,FALSE,FALSE
2c92c0f85d59652c015d64e0cc2b3b04,UX14393 部品保証　通常,PARTS,UX14393,1,FALSE,FALSE
2c92c0f85d59652c015d64ea4b2e5ed7,UX141G5 DATABANK　UNITEA　Cプラン,UX14053,UX141G5,1,TRUE,FALSE
2c92c0f85d59652c015d64eac3d05fd2,UX14403 DATABANK　UNITEA　Cプラン,UX14053,UX14403,1,TRUE,FALSE
2c92c0f85d59652c015d64eb9a156179,UX14AAD DATABANK　UNITEA　Cプラン,UX14053,UX14AAD,1,TRUE,FALSE
2c92c0f85d59652c015d64ec08216291,UX14BBM 部品保証　通常,PARTS,UX14BBM,1,FALSE,FALSE
2c92c0f85d59652c015d64ed809b665e,UX141G5 部品保証　通常,PARTS,UX141G5,1,FALSE,FALSE
2c92c0f85d59652c015d64f573a81279,UX142M2 DBA　増設　過去10GB,A764,UX142M2,1,FALSE,FALSE
2c92c0f85d59652c015d64f596d812dd,UX141F3 オンサイトサービス　AeroDR/UNITEA,UX14185,UX141F3,1,FALSE,FALSE
2c92c0f85d59652c015d64f5fde4144c,UX142K2 DBA　増設　過去10GB,A764,UX142K2,1,FALSE,FALSE
2c92c0f85d59652c015d64f6f18d16ed,UX14205 オンサイトサービス　AeroDR/UNITEA,UX14185,UX14205,1,FALSE,FALSE
2c92c0f85d59652c015d64f8cda01c7b,UX14985 DBA　増設　過去10GB,A764,UX14985,1,FALSE,FALSE
2c92c0f85d59652c015d64f968c71dae,UX14BBP オンサイトサービス　AeroDR/UNITEA,UX14185,UX14BBP,1,FALSE,FALSE
2c92c0f85d59652c015d64fa56091eb4,UX14125 DBA　増設　過去10GB,A764,UX14125,1,FALSE,FALSE
2c92c0f85d59652c015d64fd41cb23a8,UX14403 オンサイトサービス　SIGMA/UNITEA,UX14742,UX14403,1,FALSE,FALSE
2c92c0f85d59652c015d64fd9c9e23ef,UX140X5 オンサイトサービス　SIGMA/UNITEA,UX14742,UX140X5,1,FALSE,FALSE
2c92c0f85d59652c015d64fe76f9254f,UX14BBP オンサイトサービス　SIGMA/UNITEA,UX14742,UX14BBP,1,FALSE,FALSE
2c92c0f85d59652c015d64ffcaba28c1,UX141C3 部品保証　パネル落下保証,UXA3J8R,UX141C3,1,FALSE,FALSE
2c92c0f85d59652c015d64ffe44928f1,UX144R3 DBA　増設　過去10GB,A764,UX144R3,1,FALSE,FALSE
2c92c0f85d59652c015d6500c26929cc,UX142T3 DBA　増設　過去10GB,A764,UX142T3,1,FALSE,FALSE
2c92c0f85d59652c015d650352fc2b39,UX141F5 部品保証　通常」のコピー,PARTS,UX141F5,1,FALSE,FALSE
2c92c0f85d59652c015d65083d6d3271,UX14295 DBA　増設　過去10GB,A764,UX14295,1,FALSE,FALSE
2c92c0f85d59652c015d650989863513,UX142M3 DBA　増設　新規10GB,A75U,UX142M3,1,FALSE,FALSE
2c92c0f85d59652c015d650abd8e372f,UX142Q3 DBA　増設　新規10GB,A75U,UX142Q3,1,FALSE,FALSE
2c92c0f85d59652c015d650cf8a63a1a,UX14015 DBA　増設　過去10GB,A764,UX14015,1,FALSE,FALSE
2c92c0f85d59652c015d650dbb143b06,UX143R3 DBA　増設　新規10GB,A75U,UX143R3,1,FALSE,FALSE
2c92c0f85d59652c015d650e5e7d3c44,UX14225 DBA　増設　過去10GB,A764,UX14225,1,FALSE,FALSE
2c92c0f85d59652c015d651042a23f43,UX143X3 DBA　増設　新規10GB,A75U,UX143X3,1,FALSE,FALSE
2c92c0f85d59652c015d65117ea44598,UX144C3 DBA　増設　新規10GB,A75U,UX144C3,1,FALSE,FALSE
2c92c0f85d59652c015d6513d6514843,UX144K3 DBA　増設　新規10GB,A75U,UX144K3,1,FALSE,FALSE
2c92c0f85d59652c015d6514310b485e,UX144L3 DBA　増設　新規10GB,A75U,UX144L3,1,FALSE,FALSE
2c92c0f85d59652c015d6519a2b6545e,UX14405 UNITEA　CIS-追加クライアント月額利用,A7V2,UX14405,1,FALSE,FALSE
2c92c0f85d7d53d3015d87ad7cdb3a2f,課金モデル修正検証,kakinChangeTest,oyaHin001,1,FALSE,FALSE
2c92c0f85d7d53d6015d9d1ebe612f0e,ikoTestEndDate,,oyaHin003,1,TRUE,FALSE
2c92c0f85d7d53d6015da0ab685e21fe,ikoTestDBAcountInvoiceId,koDbaTest,oyaHin002,1,TRUE,TRUE
2c92c0f85d7d5425015d8312b8617e2d,新規料金プラン,,,1,,
2c92c0f85dc69018015de0515b2f612a,データバンクアーカイビング　過去データ月額　１０ＧＢ,UY142T3,,1,FALSE,FALSE
2c92c0f85df42d87015e07b9f91e6c61,超過量付きティア課金,FFF001,,1,FALSE,FALSE
2c92c0f85df42dcd015e07b6633a30e0,定期-ボリューム課金,CCC001,,1,FALSE,FALSE
2c92c0f85df42dcd015e07b8effe3d4d,使用量ｰ超過量課金,EEE001,,1,FALSE,FALSE
2c92c0f85e1d50d8015e2ca02c084ae5,定額プラン,,,1,TRUE,TRUE
2c92c0f85e1d50d8015e2cc8d2255cbe,使用量 - ボリューム課金プラン,ccc,CCC,1,FALSE,FALSE
2c92c0f85e1d50df015e2d40d9b31171,使用量 - ティア課金プラン,ddd,DDD,1,FALSE,FALSE
2c92c0f85e1d50df015e30d3236d6ae1,定期 - ディスカウント割引額プラン,ggg,GGG,1,FALSE,FALSE
2c92c0f85e1d50df015e30f27e76114a,定期 - ディスカウント割引率プラン,hh,HH,1,FALSE,FALSE
2c92c0f85e1d5130015e2cc8c0ac6bf9,定期 - 定額課金プラン,aaa,AAA,1,FALSE,FALSE
2c92c0f95cee23f0015d39589f560395,セキュアインターネット,UXA40T8,XXXXXX,,FALSE,FALSE
2c92c0f95cee23f0015d396c322a566f,骨塩定量,QUICK-DIP,XXXXXX,,TRUE,TRUE
2c92c0f95cee23f0015d396eb84e607a,胸部経時差分,TS,XXXXXX,,TRUE,TRUE
2c92c0f95cee23f4015d3959ed397aa6,データバンクサービス,DATABANK,XXXXXX,,TRUE,FALSE
2c92c0f95d4e8c14015d58aa9db27efb,UX144G5 ウイルス対策サービス,UXA40T7,UX144G5,1,FALSE,FALSE
2c92c0f95d4e8c14015d5936ce69534f,UX14AAB ウイルス対策サービス,UXA40T7,UX14AAB,1,FALSE,FALSE
2c92c0f95d4e8c1b015d58a5ee23125b,UX144G5 UNITEA胸部骨経時差分処理（TS）,UX14AAK,UX144G5,1,TRUE,TRUE
2c92c0f95d4e8c1b015d59340a1d6ecd,UX14AAB プリントサービス,PRINT01,UX14AAB,1,FALSE,TRUE
2c92c0f95d4e8c1b015d596f193c0daf,UX141A2 連携BOX　Lite,A578,UX141A2,1,FALSE,TRUE
2c92c0f95d4e8c1c015d5495e73441a9,UX144G5 CR骨密度測定サービス,UX14163,UX144G5,1,TRUE,TRUE
2c92c0f95d4e8c1c015d588fcabf6132,UX144G5 医療行政ニュース,LGCY04,UX144G5,1,FALSE,TRUE
2c92c0f95d4e8c1c015d58a16eeb0413,UX144G5 スマートアップデートサービス,RVUP-UNITEA,UX144G5,1,FALSE,FALSE
2c92c0f95d4e8c1c015d58a77e0b0908,UX144G5 UNITEA胸部骨減弱処理（BS）,UX14AAL,UX144G5,1,TRUE,TRUE
2c92c0f95d4e8c1c015d58c62fd9214e,UX14AAB 部品保証　通常,PARTS,UX14AAB,1,FALSE,FALSE
2c92c0f95d4e8c1c015d5972611d6f47,UX141A2 部品保証　通常,PARTS,UX141A2,1,FALSE,FALSE
2c92c0f95d59763b015d5de4a5584b12,UX142A2 連携BOX　Lite,A578,UX142A2,1,FALSE,TRUE
2c92c0f95d59763b015d5dea7d9f01c3,UX142E2 連携BOX　Lite,A578,UX142E2,1,FALSE,TRUE
2c92c0f95d59763b015d5deaecd00280,UX142F2 連携BOX　Lite,A578,UX142F2,1,FALSE,TRUE
2c92c0f95d59763b015d5ded386906eb,UX14403 連携BOX　Lite,A578,UX14403,1,FALSE,TRUE
2c92c0f95d59763b015d5df020fa1994,infomity ｽﾀｰﾄﾊﾟｯｸ,UXA40T0,,1,FALSE,FALSE
2c92c0f95d59763b015d5df3f655384d,UX141E3 連携BOX　Lite,A578,UX141E3,1,FALSE,TRUE
2c92c0f95d59763b015d5df690684489,UX141F3 連携BOX　Lite,A578,UX141F3,1,FALSE,TRUE
2c92c0f95d59763b015d5df7072a466b,UX144E7 連携BOX　Lite,A578,UX144E7,1,FALSE,TRUE
2c92c0f95d59763b015d5df7b96a47c4,UX14BBJ 連携BOX　Lite,A578,UX14BBJ,1,FALSE,TRUE
2c92c0f95d59763b015d5dfa0f554fdb,UX140U3 連携BOX　Lite,A578,UX140U3,1,FALSE,TRUE
2c92c0f95d59763b015d5dfa7208507a,UX141G5 連携BOX　Lite,A578,UX141G5,1,FALSE,TRUE
2c92c0f95d59763b015d5e00d7e86366,UX142K3 連携BOX　Lite,A578,UX142K3,1,FALSE,TRUE
2c92c0f95d59763b015d5e01eb55659d,UX140J5 連携BOX　Lite,A578,UX140J5,1,FALSE,TRUE
2c92c0f95d59763b015d5e06ab2471d8,UX14243 連携BOX　スタンダード,A38V,UX14243,1,FALSE,TRUE
2c92c0f95d59763b015d5f82bdb03157,UX14233 連携BOX　グループ連携基本,A5U3,UX14233,1,FALSE,FALSE
2c92c0f95d59763b015d5fb7636c05be,UX14485 連携BOX　モバイル,A5U6,UX14485,1,FALSE,TRUE
2c92c0f95d59763b015d5fb7bb460785,UX14505 連携BOX　モバイル,A5U6,UX14505,1,FALSE,TRUE
2c92c0f95d59763b015d5fc19980329b,UX14033 連携BOX　10GB容量増設,A37V,UX14033,1,FALSE,FALSE
2c92c0f95d59763b015d5fc26cf13573,UX14023 連携BOX　10GB容量増設,A37V,UX14023,1,FALSE,FALSE
2c92c0f95d59763b015d5fcd5e565f2a,UX142H2 ウェブサイト開設サポート,LGCY03,UX142H2,1,FALSE,TRUE
2c92c0f95d59763b015d5fd048d967d7,UX14413 ウェブサイト開設サポート,LGCY03,UX14413,1,FALSE,TRUE
2c92c0f95d59763b015d5fd490ec745e,UX14393 ウェブサイト開設サポート,LGCY03,UX14393,1,FALSE,TRUE
2c92c0f95d59763b015d5fd4ee4974f3,UX141F5 ウェブサイト開設サポート,LGCY03,UX141F5,1,FALSE,TRUE
2c92c0f95d59763b015d5fd61cc578c2,UX14BBK ウェブサイト開設サポート,LGCY03,UX14BBK,1,FALSE,TRUE
2c92c0f95d59763b015d5fd70fe77b3c,UX14BBP ウェブサイト開設サポート,LGCY03,UX14BBP,1,FALSE,TRUE
2c92c0f95d59763b015d5fda31130966,UX140U3 ウェブサイト開設サポート,LGCY03,UX140U3,1,FALSE,TRUE
2c92c0f95d59763b015d5fdbc33e0fd4,UX14762 ウェブサイト開設サポート,LGCY03,UX14762,1,FALSE,TRUE
2c92c0f95d59763b015d5fe1cb873194,UXA40T3 プリントサービス,PRINT01,UXA40T3,1,FALSE,TRUE
2c92c0f95d59763b015d633c310a43ce,UX14BBJ プリントサービス,PRINT01,UX14BBJ,1,FALSE,TRUE
2c92c0f95d59763b015d633d1d3745d4,UX14AAD プリントサービス,PRINT01,UX14AAD,1,FALSE,TRUE
2c92c0f95d59763b015d633df1e0471c,UX14BBL プリントサービス,PRINT01,UX14BBL,1,FALSE,TRUE
2c92c0f95d59763b015d63c27dd91ddf,UXA40T1 医療行政ニュース,LGCY04,UXA40T1,1,FALSE,TRUE
2c92c0f95d59763b015d63c41aa82062,UX142J2 医療行政ニュース,LGCY04,UX142J2,1,FALSE,TRUE
2c92c0f95d59763b015d63ca2eb029b6,UXA40T4 医療行政ニュース,LGCY04,UXA40T4,1,FALSE,TRUE
2c92c0f95d59763b015d63dce82575e2,UX14BBM 医療行政ニュース,LGCY04,UX14BBM,1,FALSE,TRUE
2c92c0f95d59763b015d63e02e170c0e,UX14ADY 医療行政ニュース,LGCY04,UX14ADY,1,FALSE,TRUE
2c92c0f95d59763b015d63e8c1073652,CISﾓﾊﾞｲﾙﾗｲｾﾝｽ(5年契約) お任せﾌﾟﾗﾝ用,UX14395,,1,FALSE,FALSE
2c92c0f95d59763b015d63e994424324,CIS追加ｸﾗｲｱﾝﾄ(単年契約) お任せﾌﾟﾗﾝ用,UX14405,,1,FALSE,FALSE
2c92c0f95d59763b015d63eda71d6685,infomity CIS ｻﾎﾟｰﾄ月額(5年),UX141K5,,1,FALSE,FALSE
2c92c0f95d59763b015d63f5d2ec0fb2,infomityお任せｵﾝｻｲﾄﾊﾟｯｸ(Bﾌﾟﾗﾝ) 定額料金,UX14393,,1,FALSE,FALSE
2c92c0f95d59763b015d63f6f31b1b10,infomityお任せｵﾝｻｲﾄﾊﾟｯｸ(Cﾌﾟﾗﾝ) 定額料金,UX14403,,1,FALSE,FALSE
2c92c0f95d59763b015d640080413d0f,infomity CR お任せ Aﾌﾟﾗﾝ更新用 (6年目以降) 定額料金,UX144G5,,1,FALSE,FALSE
2c92c0f95d59763b015d640fe6c81b56,infomity DRお任せｵﾝｻｲﾄﾊﾟｯｸ(Sﾌﾟﾗﾝ ﾊﾟﾈﾙ保証無)定額料金2,UX144F7,,1,FALSE,FALSE
2c92c0f95d59763b015d6410d5552558,infomity DRお任せ月額追加ｵﾌﾟｼｮﾝ(ﾊﾟﾈﾙ保証無),UX14205,,1,FALSE,FALSE
2c92c0f95d59763b015d6419afa95d0a,UX14383 遠隔読影支援サービス,READINGIMAGE,UX14383,1,FALSE,TRUE
2c92c0f95d59763b015d64230b5819a6,UX144F7 遠隔読影支援サービス,READINGIMAGE,UX144F7,1,FALSE,TRUE
2c92c0f95d59763b015d6429127a4483,ｸﾗｳﾄﾞ･ｱｰｶｲﾌﾞ 基本ﾌﾟﾗﾝ EX500GB用 5年,UX141J3,,1,FALSE,FALSE
2c92c0f95d59763b015d642ebf1f0901,UXA40T0 スマートアップデートサービス,RVUP-UNITEA,UXA40T0,1,FALSE,FALSE
2c92c0f95d59763b015d6430a2712292,UX142H2 スマートアップデートサービス,RVUP-UNITEA,UX142H2,1,FALSE,FALSE
2c92c0f95d59763b015d6431d6002e61,UXA40T1 スマートアップデートサービス,RVUP-UNITEA,UXA40T1,1,FALSE,FALSE
2c92c0f95d59763b015d6432d2bc35dd,ﾃﾞｰﾀﾊﾞﾝｸｱｰｶｲﾋﾞﾝｸﾞ 新規ﾃﾞｰﾀ 5年 40GB,UX143Q3,,1,FALSE,FALSE
2c92c0f95d59763b015d6438fc1364f6,UX140X5 スマートアップデートサービス,RVUP-UNITEA,UX140X5,1,FALSE,FALSE
2c92c0f95d59763b015d6439e5b06b12,ﾃﾞｰﾀﾊﾞﾝｸｱｰｶｲﾋﾞﾝｸﾞ 新規ﾃﾞｰﾀ 5年 2TB,UX143W3,,1,FALSE,FALSE
2c92c0f95d59763b015d643e30e41a1b,ﾃﾞｰﾀﾊﾞﾝｸｱｰｶｲﾋﾞﾝｸﾞ 過去ﾃﾞｰﾀ 5年 10TB,UX14045,,1,FALSE,FALSE
2c92c0f95d59763b015d6440e2f53792,ﾃﾞｰﾀﾊﾞﾝｸｱｰｶｲﾋﾞﾝｸﾞ 過去ﾃﾞｰﾀ 5年 20GB,UX144R3,,1,FALSE,FALSE
2c92c0f95d59763b015d6442512d4634,ﾃﾞｰﾀﾊﾞﾝｸｱｰｶｲﾋﾞﾝｸﾞ 過去ﾃﾞｰﾀ 5年 40GB,UX144T3,,1,FALSE,FALSE
2c92c0f95d59763b015d6446472d64ee,ﾃﾞｰﾀﾊﾞﾝｸｱｰｶｲﾋﾞﾝｸﾞ 過去ﾃﾞｰﾀ ｺｰﾙﾄﾞ 5年 2TB,UX140A5,,1,FALSE,FALSE
2c92c0f95d59763b015d6449dbd3043b,UX141X3 スマートアップデートサービス,RVUP-UNITEA,UX141X3,1,FALSE,FALSE
2c92c0f95d59763b015d644af21710d9,ﾃﾞｰﾀﾊﾞﾝｸｱｰｶｲﾋﾞﾝｸﾞ 過去ﾃﾞｰﾀ ｺｰﾙﾄﾞ 5年 100GB,UX14945,,1,FALSE,FALSE
2c92c0f95d59763b015d64521c1c4749,ﾃﾞｰﾀﾊﾞﾝｸｱｰｶｲﾋﾞﾝｸﾞ 基本ｾｯﾄ 1年 (SX),UX140J5,,1,FALSE,FALSE
2c92c0f95d59763b015d6452bd7f48e1,UX142E2 ウイルス対策サービス,UXA40T7,UX142E2,1,FALSE,FALSE
2c92c0f95d59763b015d6453723c4e5c,ﾃﾞｰﾀﾊﾞﾝｸｱｰｶｲﾋﾞﾝｸﾞ 新規ﾃﾞｰﾀ 1年 10GB,UX142Q3,,1,FALSE,FALSE
2c92c0f95d59763b015d6454522b554a,ﾃﾞｰﾀﾊﾞﾝｸｱｰｶｲﾋﾞﾝｸﾞ 新規ﾃﾞｰﾀ 1年 100GB,UX142R3,,1,FALSE,FALSE
2c92c0f95d59763b015d645ab26d6f99,ﾃﾞｰﾀﾊﾞﾝｸｱｰｶｲﾋﾞﾝｸﾞ 新規ﾃﾞｰﾀ 1年 500GB,UX144K3,,1,FALSE,FALSE
2c92c0f95d59763b015d645caf0671fb,ﾃﾞｰﾀﾊﾞﾝｸｱｰｶｲﾋﾞﾝｸﾞ 過去ﾃﾞｰﾀ 1年 20GB,UX14055,,1,FALSE,FALSE
2c92c0f95d59763b015d645d742a731a,UX141F5 ウイルス対策サービス,UXA40T7,UX141F5,1,FALSE,FALSE
2c92c0f95d59763b015d645f0fc97550,UX14AAD ウイルス対策サービス,UXA40T7,UX14AAD,1,FALSE,FALSE
2c92c0f95d59763b015d645f72a7779d,UX14ADY ウイルス対策サービス,UXA40T7,UX14ADY,1,FALSE,FALSE
2c92c0f95d59763b015d646070c0799a,ﾃﾞｰﾀﾊﾞﾝｸｱｰｶｲﾋﾞﾝｸﾞ 過去ﾃﾞｰﾀ 1年 400GB,UX14115,,1,FALSE,FALSE
2c92c0f95d59763b015d64610f337b2e,UX141F3 ウイルス対策サービス,UXA40T7,UX141F3,1,FALSE,FALSE
2c92c0f95d59763b015d6461ac9e7c15,ﾃﾞｰﾀﾊﾞﾝｸｱｰｶｲﾋﾞﾝｸﾞ 過去ﾃﾞｰﾀ 1年 100GB,UX142X3,,1,FALSE,FALSE
2c92c0f95d59763b015d6462549a7d31,UX14BBJ ウイルス対策サービス,UXA40T7,UX14BBJ,1,FALSE,FALSE
2c92c0f95d59763b015d64643789071e,ﾃﾞｰﾀﾊﾞﾝｸｱｰｶｲﾋﾞﾝｸﾞ ｱｼｽﾄ 1年 200GB,UX14275,,1,FALSE,FALSE
2c92c0f95d59763b015d6464ca9107b3,ﾃﾞｰﾀﾊﾞﾝｸｱｰｶｲﾋﾞﾝｸﾞ ｱｼｽﾄ 1年 300GB,UX14285,,1,FALSE,FALSE
2c92c0f95d59763b015d6464e7ec07ce,UX140U3 ウイルス対策サービス,UXA40T7,UX140U3,1,FALSE,FALSE
2c92c0f95d59763b015d646730991111,UX142L3 ウイルス対策サービス,UXA40T7,UX142L3,1,FALSE,FALSE
2c92c0f95d59763b015d646738f1111e,ﾃﾞｰﾀﾊﾞﾝｸｱｰｶｲﾋﾞﾝｸﾞ ｱｼｽﾄ 1年 4TB,UX14345,,1,FALSE,FALSE
2c92c0f95d59763b015d6467f65511f9,UX140K5 ウイルス対策サービス,UXA40T7,UX140K5,1,FALSE,FALSE
2c92c0f95d59763b015d64704f8d1f97,UX14ADY セキュアインターネット,UXA40T8,UX14ADY,1,FALSE,FALSE
2c92c0f95d59763b015d64711e132109,UX141D3 セキュアインターネット,UXA40T8,UX141D3,1,FALSE,FALSE
2c92c0f95d59763b015d647f1478347b,UX142A2 CR骨密度測定サービス,UX14163,UX142A2,1,TRUE,TRUE
2c92c0f95d59763b015d648065593704,ﾃﾞｰﾀﾊﾞﾝｸｻｰﾋﾞｽ 容量追加 100GB (単年),UX14073,,1,FALSE,FALSE
2c92c0f95d59763b015d6484f4fd4101,UX144H5 CR骨密度測定サービス,UX14163,UX144H5,1,TRUE,TRUE
2c92c0f95d59763b015d6486bbfa45f2,UX14403 CR骨密度測定サービス,UX14163,UX14403,1,TRUE,TRUE
2c92c0f95d59763b015d648798674784,UX14AAA CR骨密度測定サービス,UX14163,UX14AAA,1,TRUE,TRUE
2c92c0f95d59763b015d6488d29149e3,UX14BBK CR骨密度測定サービス,UX14163,UX14BBK,1,TRUE,TRUE
2c92c0f95d59763b015d648ae8a44cb6,UX14BBL CR骨密度測定サービス,UX14163,UX14BBL,1,TRUE,TRUE
2c92c0f95d59763b015d648fabf15530,UX142B2 CR骨密度測定サービス,UX14163,UX142B2,1,TRUE,TRUE
2c92c0f95d59763b015d64921a7e5a69,UX141J3 CR骨密度測定サービス,UX14163,UX141J3,1,TRUE,TRUE
2c92c0f95d59763b015d649616df5ef7,infomity ｸﾞﾙｰﾌﾟ連携 基本ﾗｲｾﾝｽ 10GB,UX14233,,1,FALSE,FALSE
2c92c0f95d59763b015d649ac70b6b82,infomity連携ﾊﾟｯｸA-20 ﾗﾝﾆﾝｸﾞ,UX14495,,1,FALSE,FALSE
2c92c0f95d59763b015d649b89b46cd3,infomity 検査予約ｻｰﾋﾞｽ,UX14303,,1,FALSE,FALSE
2c92c0f95d59763b015d649cac106f3f,infomity連携ﾊﾟｯｸB-20 ﾗﾝﾆﾝｸﾞ,UX14505,,1,FALSE,FALSE
2c92c0f95d59763b015d649e55f0713b,UXA40T1 UNITEA胸部骨減弱処理（BS）,UX14AAL,UXA40T1,1,TRUE,TRUE
2c92c0f95d59763b015d64a0340374d7,UX149R1 UNITEA胸部骨減弱処理（BS）,UX14AAL,UX149R1,1,TRUE,TRUE
2c92c0f95d59763b015d64a0b0d97636,UX140T3 UNITEA胸部骨減弱処理（BS）,UX14AAL,UX140T3,1,TRUE,TRUE
2c92c0f95d59763b015d64aa2d1e0751,UX14ADY UNITEA胸部骨減弱処理（BS）,UX14AAL,UX14ADY,1,TRUE,TRUE
2c92c0f95d59763b015d64aea7930f93,UX14722 UNITEA胸部骨経時差分処理（TS）,UX14AAK,UX14722,1,TRUE,TRUE
2c92c0f95d59763b015d64b6b8211ccb,UX14413 UNITEA胸部骨経時差分処理（TS）,UX14AAK,UX14413,1,TRUE,TRUE
2c92c0f95d59763b015d64bfac2f250b,UX14BBL UNITEA胸部骨経時差分処理（TS）,UX14AAK,UX14BBL,1,TRUE,TRUE
2c92c0f95d59763b015d64c0ecb726de,UX14BBP UNITEA胸部骨経時差分処理（TS）,UX14AAK,UX14BBP,1,TRUE,TRUE
2c92c0f95d59763b015d64c214282869,UX142A2 EX胸部骨経時差分処理（TS）,UX14AAM,UX142A2,1,TRUE,TRUE
2c92c0f95d59763b015d64c7b99e2f3c,UX14413 EX胸部骨経時差分処理（TS）,UX14AAM,UX14413,1,TRUE,TRUE
2c92c0f95d59763b015d64d1c9a34edb,UXA40T2 DATABANK　UNITEA　Aプラン（月度超過課金）,UX14053,UXA40T2,1,TRUE,FALSE
2c92c0f95d59763b015d64d375ea5d23,UX14BBJ UNITEA胸部骨減弱処理（BS）本契約内包,UX14AAL,UX14BBJ,1,FALSE,TRUE
2c92c0f95d59763b015d64da94cf6d16,UX14BBK UNITEA胸部骨減弱処理（BS）本契約内包,UX14AAL,UX14BBK,1,FALSE,TRUE
2c92c0f95d59763b015d64dbefd270a6,UX14BBN UNITEA胸部骨減弱処理（BS）本契約内包,UX14AAL,UX14BBN,1,FALSE,TRUE
2c92c0f95d59763b015d64e1a12900cc,UX141A2 DATABANK　UNITEA　Cプラン,UX14053,UX141A2,1,TRUE,FALSE
2c92c0f95d59763b015d64e313600511,UX141F5 部品保証　通常,PARTS,UX141F5,1,FALSE,FALSE
2c92c0f95d59763b015d64f2e80338c6,UX142D2 DBA　増設　過去10GB,A764,UX142D2,1,FALSE,FALSE
2c92c0f95d59763b015d64f4c23b4877,UX141D3 オンサイトサービス　AeroDR/UNITEA,UX14185,UX141D3,1,FALSE,FALSE
2c92c0f95d59763b015d64f7473b5535,UX14103 DBA　増設　過去10GB,A764,UX14103,1,FALSE,FALSE
2c92c0f95d59763b015d64f7d8ca5675,UX14BBK オンサイトサービス　AeroDR/UNITEA,UX14185,UX14BBK,1,FALSE,FALSE
2c92c0f95d59763b015d64f8fe3158d2,UX14BBN オンサイトサービス　AeroDR/UNITEA,UX14185,UX14BBN,1,FALSE,FALSE
2c92c0f95d59763b015d64fb9add5c8e,UX14065 DBA　増設　過去10GB,A764,UX14065,1,FALSE,FALSE
2c92c0f95d59763b015d64fcef725f08,UX14935 DBA　増設　過去10GB,A764,UX14935,1,FALSE,FALSE
2c92c0f95d59763b015d64fe8a5f60c2,UX14925 DBA　増設　過去10GB,A764,UX14925,1,FALSE,FALSE
2c92c0f95d59763b015d6500c767649d,UX141E3 部品保証　パネル落下保証,UXA3J8R,UX141E3,1,FALSE,FALSE
2c92c0f95d59763b015d6502a55c6671,UX14975 DBA　増設　過去10GB,A764,UX14975,1,FALSE,FALSE
2c92c0f95d59763b015d650383eb676a,UX14895 DBA　増設　過去10GB,A764,UX14895,1,FALSE,FALSE
2c92c0f95d59763b015d6508cd486d90,UX14915 DBA　増設　過去10GB,A764,UX14915,1,FALSE,FALSE
2c92c0f95d59763b015d650996c26e4f,UX14265 DBA　増設　過去10GB,A764,UX14265,1,FALSE,FALSE
2c92c0f95d59763b015d650e826e7411,UX143T3 DBA　増設　新規10GB,A75U,UX143T3,1,FALSE,FALSE
2c92c0f95d59763b015d6511de4e00b4,UX144D3 DBA　増設　新規10GB,A75U,UX144D3,1,FALSE,FALSE
2c92c0f95d59763b015d651313b502b2,UX144G3 DBA　増設　新規10GB,A75U,UX144G3,1,FALSE,FALSE
2c92c0f95d59763e015d59d180e55636,ikoTestVirusPlan,koVirus001,oyaHin001,1,FALSE,TRUE
2c92c0f95d59763e015d5de9168021c1,UXA40T1 連携BOX　Lite,A578,UXA40T1,1,FALSE,TRUE
2c92c0f95d59763e015d5dec46702cee,UX14383 連携BOX　Lite,A578,UX14383,1,FALSE,TRUE
2c92c0f95d59763e015d5dedf02b33df,UXA40T3 連携BOX　Lite,A578,UXA40T3,1,FALSE,TRUE
2c92c0f95d59763e015d5def151f3fe3,UX141F5 連携BOX　Lite,A578,UX141F5,1,FALSE,TRUE
2c92c0f95d59763e015d5df10df2435f,UX14AAA 連携BOX　Lite,A578,UX14AAA,1,FALSE,TRUE
2c92c0f95d59763e015d5df814686e22,UX14BBK 連携BOX　Lite,A578,UX14BBK,1,FALSE,TRUE
2c92c0f95d59763e015d5df8fce77307,UX14BBM 連携BOX　Lite,A578,UX14BBM,1,FALSE,TRUE
2c92c0f95d59763e015d5dfad5127809,UX14233 連携BOX　Lite,A578,UX14233,1,FALSE,TRUE
2c92c0f95d59763e015d5e00283f0529,UX141J3 連携BOX　Lite,A578,UX141J3,1,FALSE,TRUE
2c92c0f95d59763e015d5e0123a207d7,UX142L3 連携BOX　Lite,A578,UX142L3,1,FALSE,TRUE
2c92c0f95d59763e015d5f819d7d540a,UX14505 連携BOX　Lite　パック20,A578,UX14505,20,FALSE,TRUE
2c92c0f95d59763e015d5fb1723949b8,UX14455 連携BOX　グループ連携基本,A5U3,UX14455,1,FALSE,FALSE
2c92c0f95d59763e015d5fb1fe764c00,UX14495 連携BOX　グループ連携基本,A5U3,UX14495,1,FALSE,FALSE
2c92c0f95d59763e015d5fb60eb5682e,UX14475 連携BOX　モバイル,A5U6,UX14475,1,FALSE,TRUE
2c92c0f95d59763e015d5fb672936c3e,UX14455 連携BOX　モバイル,A5U6,UX14455,1,FALSE,TRUE
2c92c0f95d59763e015d5fb87a827ea9,UX14293 連携BOX　モバイル,A5U6,UX14293,1,FALSE,TRUE
2c92c0f95d59763e015d5fba0fad07b3,UX14485 連携BOX　検査予約サービス,A5U2,UX14485,1,FALSE,FALSE
2c92c0f95d59763e015d5fc07bfb29c8,UX14772 連携BOX　10GB容量増設,A37V,UX14772,1,FALSE,FALSE
2c92c0f95d59763e015d5fc133582b61,UX14043 連携BOX　10GB容量増設,A37V,UX14043,1,FALSE,FALSE
2c92c0f95d59763e015d5fc2056b2ce7,UX14013 連携BOX　10GB容量増設,A37V,UX14013,1,FALSE,FALSE
2c92c0f95d59763e015d5fcecf2c57b3,UX14722 ウェブサイト開設サポート,LGCY03,UX14722,1,FALSE,TRUE
2c92c0f95d59763e015d5fd09ea85b56,UX142F2 ウェブサイト開設サポート,LGCY03,UX142F2,1,FALSE,TRUE
2c92c0f95d59763e015d5fd59ab46af1,UX141C3 ウェブサイト開設サポート,LGCY03,UX141C3,1,FALSE,TRUE
2c92c0f95d59763e015d5fd84cbf737c,UX144E7 ウェブサイト開設サポート,LGCY03,UX144E7,1,FALSE,TRUE
2c92c0f95d59763e015d5fd8b4cc74f7,UX144F7 ウェブサイト開設サポート,LGCY03,UX144F7,1,FALSE,TRUE
2c92c0f95d59763e015d5fd90eb277c1,UX141D3 ウェブサイト開設サポート,LGCY03,UX141D3,1,FALSE,TRUE
2c92c0f95d59763e015d5fd9d0df7a7e,UX14BBM ウェブサイト開設サポート,LGCY03,UX14BBM,1,FALSE,TRUE
2c92c0f95d59763e015d5fdb1a3200dc,UX14ADY ウェブサイト開設サポート,LGCY03,UX14ADY,1,FALSE,TRUE
2c92c0f95d59763e015d5fdfba8911a2,UX14722 プリントサービス,PRINT01,UX14722,1,FALSE,TRUE
2c92c0f95d59763e015d5fe0cf5b1a84,UX140X5 プリントサービス,PRINT01,UX140X5,1,FALSE,TRUE
2c92c0f95d59763e015d5fe2f22b2401,UX14393 プリントサービス,PRINT01,UX14393,1,FALSE,TRUE
2c92c0f95d59763e015d633d880c289d,UX14AAC プリントサービス,PRINT01,UX14AAC,1,FALSE,TRUE
2c92c0f95d59763e015d633f3ee02b73,UX141D3 プリントサービス,PRINT01,UX141D3,1,FALSE,TRUE
2c92c0f95d59763e015d633f9e512bcb,UX141E3 プリントサービス,PRINT01,UX141E3,1,FALSE,TRUE
2c92c0f95d59763e015d6343e2083137,UX140J5 プリントサービス,PRINT01,UX140J5,1,FALSE,TRUE
2c92c0f95d59763e015d63445e593240,UX140H5 プリントサービス,PRINT01,UX140H5,1,FALSE,TRUE
2c92c0f95d59763e015d6344cc43330e,UX141J3 プリントサービス,PRINT01,UX141J3,1,FALSE,TRUE
2c92c0f95d59763e015d63531fe74923,UX142L3 プリントサービス,PRINT01,UX142L3,1,FALSE,TRUE
2c92c0f95d59763e015d63bd87dc0195,UX14373 プリントサービス,PRINT01,UX14373,1,FALSE,TRUE
2c92c0f95d59763e015d63c8372f1822,UX14383 医療行政ニュース,LGCY04,UX14383,1,FALSE,TRUE
2c92c0f95d59763e015d63c8cc15187b,UX144H5 医療行政ニュース,LGCY04,UX144H5,1,FALSE,TRUE
2c92c0f95d59763e015d63d2a38e28ca,UXA40T3 医療行政ニュース,LGCY04,UXA40T3,1,FALSE,TRUE
2c92c0f95d59763e015d63d33c6829ce,UXA40T2 医療行政ニュース,LGCY04,UXA40T2,1,FALSE,TRUE
2c92c0f95d59763e015d63d4259b2b8a,UX14393 医療行政ニュース,LGCY04,UX14393,1,FALSE,TRUE
2c92c0f95d59763e015d63d6e76739bc,UX14BBJ 医療行政ニュース,LGCY04,UX14BBJ,1,FALSE,TRUE
2c92c0f95d59763e015d63ddfdae7107,UX140U3 医療行政ニュース,LGCY04,UX140U3,1,FALSE,TRUE
2c92c0f95d59763e015d63def1287a77,UX141G5 医療行政ニュース,LGCY04,UX141G5,1,FALSE,TRUE
2c92c0f95d59763e015d63e297591132,infomity ﾌﾟﾚﾐｱ･ﾌﾟﾗﾁﾅ ｱｯﾌﾟｸﾞﾚｰﾄﾞﾊﾟｯｸ(2年),UXA40T1,,1,FALSE,FALSE
2c92c0f95d59763e015d63ea9cb25176,CIS追加ｸﾗｲｱﾝﾄ(5年契約) お任せﾌﾟﾗﾝ用,UX14425,,1,FALSE,FALSE
2c92c0f95d59763e015d63f8df572b78,infomity CRお任せﾌﾟﾗﾝ(Sﾌﾟﾗﾝ)定額料金,UX141F5,,1,FALSE,FALSE
2c92c0f95d59763e015d6404d930567c,infomity CR お任せ Cﾌﾟﾗﾝ更新用 (6年目以降) 定額料金,UX14AAA,,1,FALSE,FALSE
2c92c0f95d59763e015d6405c8e659fa,infomity CR お任せﾘｰｽﾌﾟﾗﾝ更新用(総合M)定額料金,UX14ADY,,1,FALSE,FALSE
2c92c0f95d59763e015d6412fa9233c9,UX14722 遠隔読影支援サービス,READINGIMAGE,UX14722,1,FALSE,TRUE
2c92c0f95d59763e015d6413c80f3be8,UX140T3 遠隔読影支援サービス,READINGIMAGE,UX140T3,1,FALSE,TRUE
2c92c0f95d59763e015d641a70d25b7b,infomity DR新お任せﾌﾟﾗﾝ(ﾊﾟﾈﾙ保証有)定額料金/月額抑制ﾀｲﾌﾟ,UX14BBJ,,1,FALSE,FALSE
2c92c0f95d59763e015d641b2fdd5e11,infomity DR新お任せﾌﾟﾗﾝ(ﾊﾟﾈﾙ保証無)定額料金/月額抑制ﾀｲﾌﾟ,UX14BBK,,1,FALSE,FALSE
2c92c0f95d59763e015d641b55985ea6,UX14393 遠隔読影支援サービス,READINGIMAGE,UX14393,1,FALSE,TRUE
2c92c0f95d59763e015d641c100b6216,infomity DR新お任せﾌﾟﾗﾝ(ﾊﾟﾈﾙ保証有)定額料金/初期投資抑制ﾀｲﾌﾟ,UX14BBL,,1,FALSE,FALSE
2c92c0f95d59763e015d641ecf5a7e96,UX144G5 遠隔読影支援サービス,READINGIMAGE,UX144G5,1,FALSE,TRUE
2c92c0f95d59763e015d642128730ead,UX141D3 遠隔読影支援サービス,READINGIMAGE,UX141D3,1,FALSE,TRUE
2c92c0f95d59763e015d6423cbc62207,infomity CR お任せ(動物) Aﾌﾟﾗﾝ更新用 (6年目以降) 定額料金,UX14AAB,,1,FALSE,FALSE
2c92c0f95d59763e015d642507062fa1,infomity CR お任せ(動物) Bﾌﾟﾗﾝ更新用 (6年目以降) 定額料金,UX14AAC,,1,FALSE,FALSE
2c92c0f95d59763e015d6425cc35361f,infomity CR お任せ(動物) Cﾌﾟﾗﾝ更新用 (6年目以降) 定額料金,UX14AAD,,1,FALSE,FALSE
2c92c0f95d59763e015d6426ee723efe,UX140U3 遠隔読影支援サービス,READINGIMAGE,UX140U3,1,FALSE,TRUE
2c92c0f95d59763e015d642758844163,UX141G5 遠隔読影支援サービス,READINGIMAGE,UX141G5,1,FALSE,TRUE
2c92c0f95d59763e015d6428bd9c4829,UX14243 遠隔読影支援サービス,READINGIMAGE,UX14243,1,FALSE,TRUE
2c92c0f95d59763e015d642b72786166,UX14505 遠隔読影支援サービス,READINGIMAGE,UX14505,1,FALSE,TRUE
2c92c0f95d59763e015d642b9ab5647f,ﾃﾞｰﾀﾊﾞﾝｸｱｰｶｲﾋﾞﾝｸﾞ 基本ｾｯﾄ 5年 (SX),UX140G5,,1,FALSE,FALSE
2c92c0f95d59763e015d642d6ffc7685,ﾃﾞｰﾀﾊﾞﾝｸｱｰｶｲﾋﾞﾝｸﾞ 新規ﾃﾞｰﾀ 5年 10GB,UX142M3,,1,FALSE,FALSE
2c92c0f95d59763e015d643175c9234f,UX14722 スマートアップデートサービス,RVUP-UNITEA,UX14722,1,FALSE,FALSE
2c92c0f95d59763e015d64318ea123c7,ﾃﾞｰﾀﾊﾞﾝｸｱｰｶｲﾋﾞﾝｸﾞ 新規ﾃﾞｰﾀ 5年 20GB,UX143N3,,1,FALSE,FALSE
2c92c0f95d59763e015d6432401a2b6e,UX140T3 スマートアップデートサービス,RVUP-UNITEA,UX140T3,1,FALSE,FALSE
2c92c0f95d59763e015d6432a4d22d9d,UX149R1 スマートアップデートサービス,RVUP-UNITEA,UX149R1,1,FALSE,FALSE
2c92c0f95d59763e015d6434b3d54155,ﾃﾞｰﾀﾊﾞﾝｸｱｰｶｲﾋﾞﾝｸﾞ 新規ﾃﾞｰﾀ 5年 300GB,UX143T3,,1,FALSE,FALSE
2c92c0f95d59763e015d643573dd47b6,ﾃﾞｰﾀﾊﾞﾝｸｱｰｶｲﾋﾞﾝｸﾞ 新規ﾃﾞｰﾀ 5年 400GB,UX143U3,,1,FALSE,FALSE
2c92c0f95d59763e015d643617ca4e70,ﾃﾞｰﾀﾊﾞﾝｸｱｰｶｲﾋﾞﾝｸﾞ 新規ﾃﾞｰﾀ 5年 500GB,UX143V3,,1,FALSE,FALSE
2c92c0f95d59763e015d643c31dd1337,ﾃﾞｰﾀﾊﾞﾝｸｱｰｶｲﾋﾞﾝｸﾞ 新規ﾃﾞｰﾀ 5年 10TB,UX144B3,,1,FALSE,FALSE
2c92c0f95d59763e015d643ce5fa1b47,ﾃﾞｰﾀﾊﾞﾝｸｱｰｶｲﾋﾞﾝｸﾞ 過去ﾃﾞｰﾀ 5年 2TB,UX14005,,1,FALSE,FALSE
2c92c0f95d59763e015d6440448f4443,ﾃﾞｰﾀﾊﾞﾝｸｱｰｶｲﾋﾞﾝｸﾞ 過去ﾃﾞｰﾀ 5年 1TB,UX142V3,,1,FALSE,FALSE
2c92c0f95d59763e015d64444fee6927,UX14BBN スマートアップデートサービス,RVUP-UNITEA,UX14BBN,1,FALSE,FALSE
2c92c0f95d59763e015d6444ec9b6e73,UX14BBP スマートアップデートサービス,RVUP-UNITEA,UX14BBP,1,FALSE,FALSE
2c92c0f95d59763e015d64483189107c,ﾃﾞｰﾀﾊﾞﾝｸｱｰｶｲﾋﾞﾝｸﾞ 過去ﾃﾞｰﾀ ｺｰﾙﾄﾞ 5年 20GB,UX14905,,1,FALSE,FALSE
2c92c0f95d59763e015d644c3f5d2df4,ﾃﾞｰﾀﾊﾞﾝｸｱｰｶｲﾋﾞﾝｸﾞ 過去ﾃﾞｰﾀ ｺｰﾙﾄﾞ 5年 300GB,UX14965,,1,FALSE,FALSE
2c92c0f95d59763e015d644c55732e99,UX140K5 スマートアップデートサービス,RVUP-UNITEA,UX140K5,1,FALSE,FALSE
2c92c0f95d59763e015d644cfd523952,ﾃﾞｰﾀﾊﾞﾝｸｱｰｶｲﾋﾞﾝｸﾞ 過去ﾃﾞｰﾀ ｺｰﾙﾄﾞ 5年 400GB,UX14975,,1,FALSE,FALSE
2c92c0f95d59763e015d644d92673d63,ﾃﾞｰﾀﾊﾞﾝｸｱｰｶｲﾋﾞﾝｸﾞ 過去ﾃﾞｰﾀ ｺｰﾙﾄﾞ 5年 500GB,UX14985,,1,FALSE,FALSE
2c92c0f95d59763e015d645014184d70,UX142H2 ウイルス対策サービス,UXA40T7,UX142H2,1,FALSE,FALSE
2c92c0f95d59763e015d645078fe510a,UX142J2 ウイルス対策サービス,UXA40T7,UX142J2,1,FALSE,FALSE
2c92c0f95d59763e015d6450d83851cd,UX14722 ウイルス対策サービス,UXA40T7,UX14722,1,FALSE,FALSE
2c92c0f95d59763e015d645326a15d60,UX142F2 ウイルス対策サービス,UXA40T7,UX142F2,1,FALSE,FALSE
2c92c0f95d59763e015d6453ef3961f0,UX142H3 ウイルス対策サービス,UXA40T7,UX142H3,1,FALSE,FALSE
2c92c0f95d59763e015d6454db446617,UX14383 ウイルス対策サービス,UXA40T7,UX14383,1,FALSE,FALSE
2c92c0f95d59763e015d645c042101c7,ﾃﾞｰﾀﾊﾞﾝｸｱｰｶｲﾋﾞﾝｸﾞ 過去ﾃﾞｰﾀ 1年 10GB,UX142W3,,1,FALSE,FALSE
2c92c0f95d59763e015d645caaea0326,UXA40T4 ウイルス対策サービス,UXA40T7,UXA40T4,1,FALSE,FALSE
2c92c0f95d59763e015d645ddea403ca,UX144H5 ウイルス対策サービス,UXA40T7,UX144H5,1,FALSE,FALSE
2c92c0f95d59763e015d645e13db03fd,ﾃﾞｰﾀﾊﾞﾝｸｱｰｶｲﾋﾞﾝｸﾞ 過去ﾃﾞｰﾀ 1年 40GB,UX14075,,1,FALSE,FALSE
2c92c0f95d59763e015d6460a22608b5,UX141E3 ウイルス対策サービス,UXA40T7,UX141E3,1,FALSE,FALSE
2c92c0f95d59763e015d6466a43d1269,ﾃﾞｰﾀﾊﾞﾝｸｱｰｶｲﾋﾞﾝｸﾞ ｱｼｽﾄ 1年 1TB,UX14315,,1,FALSE,FALSE
2c92c0f95d59763e015d646e519a1ef9,UX141F5 セキュアインターネット,UXA40T8,UX141F5,1,FALSE,FALSE
2c92c0f95d59763e015d646fe85a2128,UX14AAD セキュアインターネット,UXA40T8,UX14AAD,1,FALSE,FALSE
2c92c0f95d59763e015d6473af322803,OD-VPN ｾｷｭｱｲﾝﾀｰﾈｯﾄ 5年契約,UX141G3,,1,FALSE,FALSE
2c92c0f95d59763e015d647466d128ce,UX14BBL セキュアインターネット,UXA40T8,UX14BBL,1,FALSE,FALSE
2c92c0f95d59763e015d6475421429c4,UX14BBN セキュアインターネット,UXA40T8,UX14BBN,1,FALSE,FALSE
2c92c0f95d59763e015d647a2fff2f94,infomity 安心ﾊﾟｯｸ 500GB,UX142B2,,1,FALSE,FALSE
2c92c0f95d59763e015d647fabbb38bd,UXA40T1 CR骨密度測定サービス,UX14163,UXA40T1,1,TRUE,TRUE
2c92c0f95d59763e015d64819c8f3b46,UX149R1 CR骨密度測定サービス,UX14163,UX149R1,1,TRUE,TRUE
2c92c0f95d59763e015d6482db803c5a,UX142F2 CR骨密度測定サービス,UX14163,UX142F2,1,TRUE,TRUE
2c92c0f95d59763e015d648305dc3c9d,ﾃﾞｰﾀﾊﾞﾝｸ 250GB (2年),UX142K2,,1,FALSE,FALSE
2c92c0f95d59763e015d64855d8840ca,ﾃﾞｰﾀﾊﾞﾝｸ 250GB (5年),UX142N2,,1,FALSE,FALSE
2c92c0f95d59763e015d64916cba5663,UX140H5 CR骨密度測定サービス,UX14163,UX140H5,1,TRUE,TRUE
2c92c0f95d59763e015d649a3936685b,infomity連携ﾊﾟｯｸA-10 ﾗﾝﾆﾝｸﾞ,UX14475,,1,FALSE,FALSE
2c92c0f95d59763e015d649d1a226da7,UX142A2 UNITEA胸部骨減弱処理（BS）,UX14AAL,UX142A2,1,TRUE,TRUE
2c92c0f95d59763e015d649fa5b6768d,UX142J2 UNITEA胸部骨減弱処理（BS）,UX14AAL,UX142J2,1,TRUE,TRUE
2c92c0f95d59763e015d64a7bc5a7e8c,UX141F3 UNITEA胸部骨減弱処理（BS）,UX14AAL,UX141F3,1,TRUE,TRUE
2c92c0f95d59763e015d64a84a947ef6,UX144E7 UNITEA胸部骨減弱処理（BS）,UX14AAL,UX144E7,1,TRUE,TRUE
2c92c0f95d59763e015d64a9597c014f,UX141D3 UNITEA胸部骨減弱処理（BS）,UX14AAL,UX141D3,1,TRUE,TRUE
2c92c0f95d59763e015d64a9bdb50281,UX141E3 UNITEA胸部骨減弱処理（BS）,UX14AAL,UX141E3,1,TRUE,TRUE
2c92c0f95d59763e015d64b823751462,UX141F5 UNITEA胸部骨経時差分処理（TS）,UX14AAK,UX141F5,1,TRUE,TRUE
2c92c0f95d59763e015d64bbd6bc189d,UX14ADY UNITEA胸部骨経時差分処理（TS）,UX14AAK,UX14ADY,1,TRUE,TRUE
2c92c0f95d59763e015d64bc99911901,UX142L3 DBA　基本（200GB）,A75R,UX142L3,1,FALSE,FALSE
2c92c0f95d59763e015d64bceb3c1931,UX141D3 UNITEA胸部骨経時差分処理（TS）,UX14AAK,UX141D3,1,TRUE,TRUE
2c92c0f95d59763e015d64bd7dc219c1,UX140X5 DBA　基本（400GB）,A715,UX140X5,1,FALSE,FALSE
2c92c0f95d59763e015d64c0ddaa1c3a,UX14BBP DBA　基本（400GB）,A715,UX14BBP,1,FALSE,FALSE
2c92c0f95d59763e015d64c228751d92,UX144E7 DBA　基本（400GB）,A715,UX144E7,1,FALSE,FALSE
2c92c0f95d59763e015d64c3db57200a,UX141E3 DBA　基本（400GB）,A715,UX141E3,1,FALSE,FALSE
2c92c0f95d59763e015d64c4674020be,UX14722 EX胸部骨経時差分処理（TS）,UX14AAM,UX14722,1,TRUE,TRUE
2c92c0f95d59763e015d64c761bf23ab,UX142H3 EX胸部骨経時差分処理（TS）,UX14AAM,UX142H3,1,TRUE,TRUE
2c92c0f95d59763e015d64c82f7824c4,UX14383 DATABANK　UNITEA　Aプラン（月度超過課金）,UX14053,UX14383,1,TRUE,FALSE
2c92c0f95d59763e015d64cedbd52d1a,UX142J2 EX胸部骨減弱処理（BS）,UX14AAN,UX142J2,1,TRUE,TRUE
2c92c0f95d59763e015d64d1badd3d82,UX142H3 EX胸部骨減弱処理（BS）,UX14AAN,UX142H3,1,TRUE,TRUE
2c92c0f95d59763e015d64db1ee35d20,UX14BBL UNITEA胸部骨減弱処理（BS）本契約内包,UX14AAL,UX14BBL,1,FALSE,TRUE
2c92c0f95d59763e015d64dc75505fd1,UX144H5 DATABANK　UNITEA　Bプラン（月度超過課金）,UX14053,UX144H5,1,TRUE,FALSE
2c92c0f95d59763e015d64e1142c69b5,UX14403 部品保証　通常,PARTS,UX14403,1,FALSE,FALSE
2c92c0f95d59763e015d64e231f06c1c,UXA40T4 部品保証　通常,PARTS,UXA40T4,1,FALSE,FALSE
2c92c0f95d59763e015d64e37c377097,UX144H5 部品保証　通常,PARTS,UX144H5,1,FALSE,FALSE
2c92c0f95d59763e015d64e465a4730e,UX14AAA 部品保証　通常,PARTS,UX14AAA,1,FALSE,FALSE
2c92c0f95d59763e015d64e5c4b876aa,UX14AAD 部品保証　通常,PARTS,UX14AAD,1,FALSE,FALSE
2c92c0f95d59763e015d64e903f704bd,UX141F5 DATABANK　UNITEA　Cプラン,UX14053,UX141F5,1,TRUE,FALSE
2c92c0f95d59763e015d64ec06f70d68,UX14ADY DATABANK　UNITEA　Cプラン,UX14053,UX14ADY,1,TRUE,FALSE
2c92c0f95d59763e015d64ef269c1739,UX144E5 お任せﾌﾟﾗﾝ Uniteaソフト買取料,UNITEAL,UX144E5,1,FALSE,FALSE
2c92c0f95d59763e015d64f29b7d23a1,UX141C3 オンサイトサービス　AeroDR/UNITEA,UX14185,UX141C3,1,FALSE,FALSE
2c92c0f95d59763e015d64f36a2f3142,UX14083 DBA　増設　過去10GB,A764,UX14083,1,FALSE,FALSE
2c92c0f95d59763e015d64f66c844099,UX144F7 オンサイトサービス　AeroDR/UNITEA,UX14185,UX144F7,1,FALSE,FALSE
2c92c0f95d59763e015d64f9334948cf,UX14965 DBA　増設　過去10GB,A764,UX14965,1,FALSE,FALSE
2c92c0f95d59763e015d64f9fbd949e1,UX14055 DBA　増設　過去10GB,A764,UX14055,1,FALSE,FALSE
2c92c0f95d59763e015d64fc8cad4d52,UX144W3 DBA　増設　過去10GB,A764,UX144W3,1,FALSE,FALSE
2c92c0f95d59763e015d64fdc28d4eee,UX142U3 DBA　増設　過去10GB,A764,UX142U3,1,FALSE,FALSE
2c92c0f95d59763e015d6503f351581b,UX14075 DBA　増設　過去10GB,A764,UX14075,1,FALSE,FALSE
2c92c0f95d59763e015d6504d93858d5,UX14095 DBA　増設　過去10GB,A764,UX14095,1,FALSE,FALSE
2c92c0f95d59763e015d650731475be4,UX142C3 DBA　増設　過去10GB,A764,UX142C3,1,FALSE,FALSE
2c92c0f95d59763e015d650b2c5c6285,UX142R3 DBA　増設　新規10GB,A75U,UX142R3,1,FALSE,FALSE
2c92c0f95d59763e015d650c167863b0,UX14085 DBA　増設　過去10GB,A764,UX14085,1,FALSE,FALSE
2c92c0f95d59763e015d650d253564df,UX143Q3 DBA　増設　新規10GB,A75U,UX143Q3,1,FALSE,FALSE
2c92c0f95d59763e015d650eeaa7674d,UX143U3 DBA　増設　新規10GB,A75U,UX143U3,1,FALSE,FALSE
2c92c0f95d59763e015d650f4bad67bc,UX14315 DBA　増設　過去10GB,A764,UX14315,1,FALSE,FALSE
2c92c0f95d59763e015d6510ae9e69f8,UX144A3 DBA　増設　新規10GB,A75U,UX144A3,1,FALSE,FALSE
2c92c0f95d59763e015d651238dd6bb0,UX144E3 DBA　増設　新規10GB,A75U,UX144E3,1,FALSE,FALSE
2c92c0f95d59763e015d65162cf4728c,UX141G5 UNITEA-CIS-月額利用,A6PJ,UX141G5,1,FALSE,FALSE
2c92c0f95d59764d015d59cf775c52c3,ikoTestKoPlanMsg,koMsg001,oyaHin001,1,TRUE,TRUE
2c92c0f95d59764d015d5de7095171bb,UX142H2 連携BOX　Lite,A578,UX142H2,1,FALSE,TRUE
2c92c0f95d59764d015d5decd8671020,UX14393 連携BOX　Lite,A578,UX14393,1,FALSE,TRUE
2c92c0f95d59764d015d5deda06f12a2,UXA40T2 連携BOX　Lite,A578,UXA40T2,1,FALSE,TRUE
2c92c0f95d59764d015d5df3761e3732,UX141D3 連携BOX　Lite,A578,UX141D3,1,FALSE,TRUE
2c92c0f95d59764d015d5dfb9d495531,UX14455 連携BOX　Lite,A578,UX14455,1,FALSE,TRUE
2c92c0f95d59764d015d5dfef1bf5f66,UX14303 連携BOX　Lite,A578,UX14303,1,FALSE,TRUE
2c92c0f95d59764d015d5e0354d66b86,UX140K5 連携BOX　Lite,A578,UX140K5,1,FALSE,TRUE
2c92c0f95d59764d015d5e0485926e55,UX142G2 連携BOX　スタンダード,A38V,UX142G2,1,FALSE,TRUE
2c92c0f95d59764d015d5fb2c843706f,UX14505 連携BOX　グループ連携基本,A5U3,UX14505,1,FALSE,FALSE
2c92c0f95d59764d015d5fb31b8f724b,UX14303 連携BOX　グループ連携基本,A5U3,UX14303,1,FALSE,FALSE
2c92c0f95d59764d015d5fbc8cab2d12,UX14273 連携BOX　登録ユーザー追加サービス,UX14283,UX14273,2,FALSE,FALSE
2c92c0f95d59764d015d5fcd51c964c5,UXA40T1 ウェブサイト開設サポート,LGCY03,UXA40T1,1,FALSE,TRUE
2c92c0f95d59764d015d5fcf41df69f8,UX142J2 ウェブサイト開設サポート,LGCY03,UX142J2,1,FALSE,TRUE
2c92c0f95d59764d015d5fd7f06404c6,UX14BBL ウェブサイト開設サポート,LGCY03,UX14BBL,1,FALSE,TRUE
2c92c0f95d59764d015d5fdb6c23199d,UX14BBN ウェブサイト開設サポート,LGCY03,UX14BBN,1,FALSE,TRUE
2c92c0f95d59764d015d5fdc82e31d67,UX148H3 ウェブサイト開設サポート,LGCY03,UX148H3,1,FALSE,TRUE
2c92c0f95d59764d015d5fdce8191e65,UX14782 ウェブサイト開設サポート,LGCY03,UX14782,1,FALSE,TRUE
2c92c0f95d59764d015d5fdf0a3e2b96,UXA40T1 プリントサービス,PRINT01,UXA40T1,1,FALSE,TRUE
2c92c0f95d59764d015d5fe11c29386a,UX144H5 プリントサービス,PRINT01,UX144H5,1,FALSE,TRUE
2c92c0f95d59764d015d5fe284a23ef5,UX14403 プリントサービス,PRINT01,UX14403,1,FALSE,TRUE
2c92c0f95d59764d015d5fe39db342fd,UX14AAA プリントサービス,PRINT01,UX14AAA,1,FALSE,TRUE
2c92c0f95d59764d015d5fe4b6154680,UX141F3 プリントサービス,PRINT01,UX141F3,1,FALSE,TRUE
2c92c0f95d59764d015d633e5cd94e14,UX144E7 プリントサービス,PRINT01,UX144E7,1,FALSE,TRUE
2c92c0f95d59764d015d6341482853e0,UX14ADY プリントサービス,PRINT01,UX14ADY,1,FALSE,TRUE
2c92c0f95d59764d015d6342386a543f,UX14762 プリントサービス,PRINT01,UX14762,1,FALSE,TRUE
2c92c0f95d59764d015d63bf7ca52b5b,UX144A5 プリントサービス,PRINT01,UX144A5,1,FALSE,TRUE
2c92c0f95d59764d015d63c30cb43253,UX142H2 医療行政ニュース,LGCY04,UX142H2,1,FALSE,TRUE
2c92c0f95d59764d015d63c51459367f,UX140T3 医療行政ニュース,LGCY04,UX140T3,1,FALSE,TRUE
2c92c0f95d59764d015d63c708e13965,UX142E2 医療行政ニュース,LGCY04,UX142E2,1,FALSE,TRUE
2c92c0f95d59764d015d63c9d9f73d84,infomityﾍﾞｰｽﾊﾟｯｸ(2年目以降),UX142F2,,1,FALSE,FALSE
2c92c0f95d59764d015d63d64e885880,AeroDR ﾍﾞｰｽﾊﾟｯｸ(初年度),UX140T3,,1,FALSE,FALSE
2c92c0f95d59764d015d63d7b1e963d4,UX14AAD 医療行政ニュース,LGCY04,UX14AAD,1,FALSE,TRUE
2c92c0f95d59764d015d63d926726d97,UX14BBL 医療行政ニュース,LGCY04,UX14BBL,1,FALSE,TRUE
2c92c0f95d59764d015d63dbdd0300f3,infomity ﾌﾟﾚﾐｱ･ﾌﾟﾗﾁﾅﾊﾟｯｸ(単年),UX142A2,,1,FALSE,FALSE
2c92c0f95d59764d015d63e2f4353158,UX148H3 医療行政ニュース,LGCY04,UX148H3,1,FALSE,TRUE
2c92c0f95d59764d015d63e772ca4160,infomity CIS お任せﾊﾟｯｸ(Sﾌﾟﾗﾝ),UX141G5,,1,FALSE,FALSE
2c92c0f95d59764d015d63f7bcd22056,infomity CRお任せｵﾝｻｲﾄﾊﾟｯｸ(Sﾌﾟﾗﾝ)定額料金,UX140X5,,1,FALSE,FALSE
2c92c0f95d59764d015d64039c444bb7,infomity CR お任せ Bﾌﾟﾗﾝ更新用 (6年目以降) 定額料金,UX144H5,,1,FALSE,FALSE
2c92c0f95d59764d015d64119c381f8a,UX142A2 遠隔読影支援サービス,READINGIMAGE,UX142A2,1,FALSE,TRUE
2c92c0f95d59764d015d6412155720c8,UX142H2 遠隔読影支援サービス,READINGIMAGE,UX142H2,1,FALSE,TRUE
2c92c0f95d59764d015d64142d47360a,UX149R1 遠隔読影支援サービス,READINGIMAGE,UX149R1,1,FALSE,TRUE
2c92c0f95d59764d015d6417a9ad4aab,UX142F2 遠隔読影支援サービス,READINGIMAGE,UX142F2,1,FALSE,TRUE
2c92c0f95d59764d015d64182f0e4d42,UX142H3 遠隔読影支援サービス,READINGIMAGE,UX142H3,1,FALSE,TRUE
2c92c0f95d59764d015d641bbedf5ed9,UX14403 遠隔読影支援サービス,READINGIMAGE,UX14403,1,FALSE,TRUE
2c92c0f95d59764d015d641df0f67160,UX140X5 遠隔読影支援サービス,READINGIMAGE,UX140X5,1,FALSE,TRUE
2c92c0f95d59764d015d641fed6301c4,UX14AAA 遠隔読影支援サービス,READINGIMAGE,UX14AAA,1,FALSE,TRUE
2c92c0f95d59764d015d6420adb70551,UX141C3 遠隔読影支援サービス,READINGIMAGE,UX141C3,1,FALSE,TRUE
2c92c0f95d59764d015d642281a60da5,UX144E7 遠隔読影支援サービス,READINGIMAGE,UX144E7,1,FALSE,TRUE
2c92c0f95d59764d015d64252ae3247b,UX14BBM 遠隔読影支援サービス,READINGIMAGE,UX14BBM,1,FALSE,TRUE
2c92c0f95d59764d015d64259438256d,UX14BBN 遠隔読影支援サービス,READINGIMAGE,UX14BBN,1,FALSE,TRUE
2c92c0f95d59764d015d642abba04d67,ﾃﾞｰﾀﾊﾞﾝｸｱｰｶｲﾋﾞﾝｸﾞ 基本ｾｯﾄ 5年 (EX),UX142K3,,1,FALSE,FALSE
2c92c0f95d59764d015d642beb205ca0,UX142B2 遠隔読影支援サービス,READINGIMAGE,UX142B2,1,FALSE,TRUE
2c92c0f95d59764d015d642cabcf65a2,ﾃﾞｰﾀﾊﾞﾝｸｱｰｶｲﾋﾞﾝｸﾞ 基本ｾｯﾄ 5年 (UNITEA),UX140H5,,1,FALSE,FALSE
2c92c0f95d59764d015d6431094d1592,UX142J2 スマートアップデートサービス,RVUP-UNITEA,UX142J2,1,FALSE,FALSE
2c92c0f95d59764d015d64337372255e,UX142F2 スマートアップデートサービス,RVUP-UNITEA,UX142F2,1,FALSE,FALSE
2c92c0f95d59764d015d64340ded2a61,UX142H3 スマートアップデートサービス,RVUP-UNITEA,UX142H3,1,FALSE,FALSE
2c92c0f95d59764d015d64347b622d09,UX14383 スマートアップデートサービス,RVUP-UNITEA,UX14383,1,FALSE,FALSE
2c92c0f95d59764d015d6435696a3526,UX14393 スマートアップデートサービス,RVUP-UNITEA,UX14393,1,FALSE,FALSE
2c92c0f95d59764d015d643a1df45afa,UX141F5 スマートアップデートサービス,RVUP-UNITEA,UX141F5,1,FALSE,FALSE
2c92c0f95d59764d015d643ff7921fed,UX141F3 スマートアップデートサービス,RVUP-UNITEA,UX141F3,1,FALSE,FALSE
2c92c0f95d59764d015d6442060e36c8,UX14BBK スマートアップデートサービス,RVUP-UNITEA,UX14BBK,1,FALSE,FALSE
2c92c0f95d59764d015d644653125f36,ﾃﾞｰﾀﾊﾞﾝｸｱｰｶｲﾋﾞﾝｸﾞ 過去ﾃﾞｰﾀ ｺｰﾙﾄﾞ 5年 10GB,UX14895,,1,FALSE,FALSE
2c92c0f95d59764d015d64481f5b70bb,UX14762 スマートアップデートサービス,RVUP-UNITEA,UX14762,1,FALSE,FALSE
2c92c0f95d59764d015d64498e76007a,ﾃﾞｰﾀﾊﾞﾝｸｱｰｶｲﾋﾞﾝｸﾞ 過去ﾃﾞｰﾀ ｺｰﾙﾄﾞ 5年 40GB,UX14925,,1,FALSE,FALSE
2c92c0f95d59764d015d644ed2bf2be4,ｸﾗｳﾄﾞ･ｱｰｶｲﾌﾞ ﾃﾞｰﾀ移行ﾌﾟﾗﾝ HP 500GB 5年,UX142C3,,1,FALSE,FALSE
2c92c0f95d59764d015d644f547b2eb8,UX142A2 ウイルス対策サービス,UXA40T7,UX142A2,1,FALSE,FALSE
2c92c0f95d59764d015d644f6afa2f6c,ｸﾗｳﾄﾞ･ｱｰｶｲﾌﾞ ﾃﾞｰﾀ移行ﾌﾟﾗﾝ HP 1TB 5年,UX142D3,,1,FALSE,FALSE
2c92c0f95d59764d015d6450d3b83a9d,ﾃﾞｰﾀﾊﾞﾝｸｱｰｶｲﾋﾞﾝｸﾞ 基本ｾｯﾄ 1年 (EX),UX142L3,,1,FALSE,FALSE
2c92c0f95d59764d015d6452a9d549e5,ﾃﾞｰﾀﾊﾞﾝｸｱｰｶｲﾋﾞﾝｸﾞ 基本ｾｯﾄ 1年 (UNITEA),UX140K5,,1,FALSE,FALSE
2c92c0f95d59764d015d6456d8186ad1,ﾃﾞｰﾀﾊﾞﾝｸｱｰｶｲﾋﾞﾝｸﾞ 新規ﾃﾞｰﾀ 1年 20GB,UX144C3,,1,FALSE,FALSE
2c92c0f95d59764d015d6458b8da6f8d,ﾃﾞｰﾀﾊﾞﾝｸｱｰｶｲﾋﾞﾝｸﾞ 新規ﾃﾞｰﾀ 1年 50GB,UX144F3,,1,FALSE,FALSE
2c92c0f95d59764d015d645b5d6373b4,ﾃﾞｰﾀﾊﾞﾝｸｱｰｶｲﾋﾞﾝｸﾞ 新規ﾃﾞｰﾀ 1年 2TB,UX144L3,,1,FALSE,FALSE
2c92c0f95d59764d015d645b73b3740c,UX14403 ウイルス対策サービス,UXA40T7,UX14403,1,FALSE,FALSE
2c92c0f95d59764d015d645d63167679,ﾃﾞｰﾀﾊﾞﾝｸｱｰｶｲﾋﾞﾝｸﾞ 過去ﾃﾞｰﾀ 1年 30GB,UX14065,,1,FALSE,FALSE
2c92c0f95d59764d015d646119fe7dcb,ﾃﾞｰﾀﾊﾞﾝｸｱｰｶｲﾋﾞﾝｸﾞ 過去ﾃﾞｰﾀ 1年 500GB,UX14125,,1,FALSE,FALSE
2c92c0f95d59764d015d6462b52f00c6,UX14BBK ウイルス対策サービス,UXA40T7,UX14BBK,1,FALSE,FALSE
2c92c0f95d59764d015d6463e7fc0318,UX14BBN ウイルス対策サービス,UXA40T7,UX14BBN,1,FALSE,FALSE
2c92c0f95d59764d015d64644bbc03b0,UX14BBP ウイルス対策サービス,UXA40T7,UX14BBP,1,FALSE,FALSE
2c92c0f95d59764d015d64654af20566,UX141G5 ウイルス対策サービス,UXA40T7,UX141G5,1,FALSE,FALSE
2c92c0f95d59764d015d6467931c08dc,UX140H5 ウイルス対策サービス,UXA40T7,UX140H5,1,FALSE,FALSE
2c92c0f95d59764d015d646b39e90d94,UXA40T1 セキュアインターネット,UXA40T8,UXA40T1,1,FALSE,FALSE
2c92c0f95d59764d015d646cc636102f,UXA40T2 セキュアインターネット,UXA40T8,UXA40T2,1,FALSE,FALSE
2c92c0f95d59764d015d646d99a911b4,UXA40T4 セキュアインターネット,UXA40T8,UXA40T4,1,FALSE,FALSE
2c92c0f95d59764d015d646f142a13dc,UX14AAA セキュアインターネット,UXA40T8,UX14AAA,1,FALSE,FALSE
2c92c0f95d59764d015d647274391c75,UX144E7 セキュアインターネット,UXA40T8,UX144E7,1,FALSE,FALSE
2c92c0f95d59764d015d647359c81de8,UX14BBJ セキュアインターネット,UXA40T8,UX14BBJ,1,FALSE,FALSE
2c92c0f95d59764d015d6474762f1eb7,OD-VPN ｾｷｭｱｲﾝﾀｰﾈｯﾄ 2年目以降(単年契約),UX14353,,1,FALSE,FALSE
2c92c0f95d59764d015d64761c9920df,OD-VPN ｾｷｭｱｲﾝﾀｰﾈｯﾄ 2年目以降(4年契約),UX14373,,1,FALSE,FALSE
2c92c0f95d59764d015d64768e9b2135,UX141G5 セキュアインターネット,UXA40T8,UX141G5,1,FALSE,FALSE
2c92c0f95d59764d015d64781e6d2986,UX14762 セキュアインターネット,UXA40T8,UX14762,1,FALSE,FALSE
2c92c0f95d59764d015d64788e9f2a33,UX14343 セキュアインターネット,UXA40T8,UX14343,1,FALSE,FALSE
2c92c0f95d59764d015d647920372ab4,UX141G3 セキュアインターネット,UXA40T8,UX141G3,1,FALSE,FALSE
2c92c0f95d59764d015d647ab7c32c32,UX14373 セキュアインターネット,UXA40T8,UX14373,1,FALSE,FALSE
2c92c0f95d59764d015d647c15f22fa9,ﾃﾞｰﾀﾊﾞﾝｸ 250GB(単年),UX142C2,,1,FALSE,FALSE
2c92c0f95d59764d015d647daf2a326d,UXA40T0 CR骨密度測定サービス,UX14163,UXA40T0,1,TRUE,TRUE
2c92c0f95d59764d015d64807f0b376a,UX14722 CR骨密度測定サービス,UX14163,UX14722,1,TRUE,TRUE
2c92c0f95d59764d015d6480e3063848,UX142J2 CR骨密度測定サービス,UX14163,UX142J2,1,TRUE,TRUE
2c92c0f95d59764d015d6480fbc83874,ﾃﾞｰﾀｰﾊﾞﾝｸｻｰﾋﾞｽ 容量追加250GB (単年),UX14083,,1,FALSE,FALSE
2c92c0f95d59764d015d64827aa239f0,UX14413 CR骨密度測定サービス,UX14163,UX14413,1,TRUE,TRUE
2c92c0f95d59764d015d6483a5483b43,UX142H3 CR骨密度測定サービス,UX14163,UX142H3,1,TRUE,TRUE
2c92c0f95d59764d015d6485e3b53f25,ﾃﾞｰﾀﾊﾞﾝｸ 500GB (2年),UX142Q2,,1,FALSE,FALSE
2c92c0f95d59764d015d6487b1cf41f8,UX141F5 CR骨密度測定サービス,UX14163,UX141F5,1,TRUE,TRUE
2c92c0f95d59764d015d6489b6b64547,UX14BBJ CR骨密度測定サービス,UX14163,UX14BBJ,1,TRUE,TRUE
2c92c0f95d59764d015d648c771f482d,infomity 在宅ﾒﾃﾞｨｹｱﾎﾟｰﾀﾙ基本ﾗｲｾﾝｽ (5年契約),UX140N5,,1,FALSE,FALSE
2c92c0f95d59764d015d648d8ed548d7,UX140U3 CR骨密度測定サービス,UX14163,UX140U3,1,TRUE,TRUE
2c92c0f95d59764d015d648f36214b3e,UX14762 CR骨密度測定サービス,UX14163,UX14762,1,TRUE,TRUE
2c92c0f95d59764d015d64972de95244,infomity ｸﾞﾙｰﾌﾟ連携 診療所ﾗｲｾﾝｽ 200MB,UX14253,,1,FALSE,FALSE
2c92c0f95d59764d015d649c21bd5f33,infomity連携ﾊﾟｯｸB-10 ﾗﾝﾆﾝｸﾞ,UX14485,,1,FALSE,FALSE
2c92c0f95d59764d015d649ed12e727c,UX142H2 UNITEA胸部骨減弱処理（BS）,UX14AAL,UX142H2,1,TRUE,TRUE
2c92c0f95d59764d015d649f3e6972eb,UX14722 UNITEA胸部骨減弱処理（BS）,UX14AAL,UX14722,1,TRUE,TRUE
2c92c0f95d59764d015d64a1f5a0774a,UX142H3 UNITEA胸部骨減弱処理（BS）,UX14AAL,UX142H3,1,TRUE,TRUE
2c92c0f95d59764d015d64a256a277b9,UX140X5 UNITEA胸部骨減弱処理（BS）,UX14AAL,UX140X5,1,TRUE,TRUE
2c92c0f95d59764d015d64b3f1a310ac,UX140T3 UNITEA胸部骨経時差分処理（TS）,UX14AAK,UX140T3,1,TRUE,TRUE
2c92c0f95d59764d015d64b643e01298,UX142H3 UNITEA胸部骨経時差分処理（TS）,UX14AAK,UX142H3,1,TRUE,TRUE
2c92c0f95d59764d015d64b8e56e156e,UX140G5 DBA　基本（200GB）,A75R,UX140G5,1,FALSE,FALSE
2c92c0f95d59764d015d64bbb8631877,UX140K5 DBA　基本（200GB）,A75R,UX140K5,1,FALSE,FALSE
2c92c0f95d59764d015d64c03c641cec,UX14BBJ DBA　基本（400GB）,A715,UX14BBJ,1,FALSE,FALSE
2c92c0f95d59764d015d64c384b821c0,UX142H2 EX胸部骨経時差分処理（TS）,UX14AAM,UX142H2,1,TRUE,TRUE
2c92c0f95d59764d015d64c4a30023ed,UX14BBN DBA　基本（400GB）,A715,UX14BBN,1,FALSE,FALSE
2c92c0f95d59764d015d64c4c437248c,UXA40T1 EX胸部骨経時差分処理（TS）,UX14AAM,UXA40T1,1,TRUE,TRUE
2c92c0f95d59764d015d64c5a08d259f,UX140T3 EX胸部骨経時差分処理（TS）,UX14AAM,UX140T3,1,TRUE,TRUE
2c92c0f95d59764d015d64c6103f268d,UX149R1 EX胸部骨経時差分処理（TS）,UX14AAM,UX149R1,1,TRUE,TRUE
2c92c0f95d59764d015d64c6f7be27f4,UX142F2 EX胸部骨経時差分処理（TS）,UX14AAM,UX142F2,1,TRUE,TRUE
2c92c0f95d59764d015d64cd7b4f2ef9,UX140U3 DATABANK　UNITEA　Aプラン（月度超過課金）,UX14053,UX140U3,1,TRUE,FALSE
2c92c0f95d59764d015d64cfc98f345b,UXA40T1 EX胸部骨減弱処理（BS）,UX14AAN,UXA40T1,1,TRUE,TRUE
2c92c0f95d59764d015d64d0ee5a3b7c,UX142E2 EX胸部骨減弱処理（BS）,UX14AAN,UX142E2,1,TRUE,TRUE
2c92c0f95d59764d015d64dc54e05d0c,UX14BBP UNITEA胸部骨減弱処理（BS）本契約内包,UX14AAL,UX14BBP,1,FALSE,TRUE
2c92c0f95d59764d015d64e17ba07827,UXA40T2 部品保証　通常,PARTS,UXA40T2,1,FALSE,FALSE
2c92c0f95d59764d015d64e4ec7301ca,UX14AAC 部品保証　通常,PARTS,UX14AAC,1,FALSE,FALSE
2c92c0f95d59764d015d64e628cb073c,UX14ADY 部品保証　通常,PARTS,UX14ADY,1,FALSE,FALSE
2c92c0f95d59764d015d64e6e77f0f46,UX141D3 部品保証　通常,PARTS,UX141D3,1,FALSE,FALSE
2c92c0f95d59764d015d64ea3ffa19aa,UX144E7 部品保証　通常,PARTS,UX144E7,1,FALSE,FALSE
2c92c0f95d59764d015d64ea98081ca5,UX144F7 部品保証　通常,PARTS,UX144F7,1,FALSE,FALSE
2c92c0f95d59764d015d64ec5f6122de,UX14BBN 部品保証　通常,PARTS,UX14BBN,1,FALSE,FALSE
2c92c0f95d59764d015d64ecd27523a2,UX14BBP 部品保証　通常,PARTS,UX14BBP,1,FALSE,FALSE
2c92c0f95d59764d015d64ed318825c0,UX140U3 部品保証　通常,PARTS,UX140U3,1,FALSE,FALSE
2c92c0f95d59764d015d64edcc5d264c,UX142B2 部品保証　通常,PARTS,UX142B2,1,FALSE,FALSE
2c92c0f95d59764d015d64ee2b3927ed,UX14762 部品保証　通常,PARTS,UX14762,1,FALSE,FALSE
2c92c0f95d59764d015d64f50adf4d89,UX14003 DBA　増設　過去10GB,A764,UX14003,1,FALSE,FALSE
2c92c0f95d59764d015d64f607a950b7,UX144E7 オンサイトサービス　AeroDR/UNITEA,UX14185,UX144E7,1,FALSE,FALSE
2c92c0f95d59764d015d64f84d895616,UX14BBL オンサイトサービス　AeroDR/UNITEA,UX14185,UX14BBL,1,FALSE,FALSE
2c92c0f95d59764d015d64faa8be5a35,UX141A2 オンサイトサービス　SIGMA/UNITEA,UX14742,UX141A2,1,FALSE,FALSE
2c92c0f95d59764d015d64fc43a25be1,UX14383 オンサイトサービス　SIGMA/UNITEA,UX14742,UX14383,1,FALSE,FALSE
2c92c0f95d59764d015d64fe243b600a,UX14BBN オンサイトサービス　SIGMA/UNITEA,UX14742,UX14BBN,1,FALSE,FALSE
2c92c0f95d59764d015d64fece2e61ef,UX140U3 オンサイトサービス　SIGMA/UNITEA,UX14742,UX140U3,1,FALSE,FALSE
2c92c0f95d59764d015d64fef6f96205,UX14995 DBA　増設　過去10GB,A764,UX14995,1,FALSE,FALSE
2c92c0f95d59764d015d64ff5d616265,UX142V3 DBA　増設　過去10GB,A764,UX142V3,1,FALSE,FALSE
2c92c0f95d59764d015d6501426463d4,UX144V3 DBA　増設　過去10GB,A764,UX144V3,1,FALSE,FALSE
2c92c0f95d59764d015d6501c26d6464,UX14BBJ 部品保証　パネル落下保証,UXA3J8R,UX14BBJ,1,FALSE,FALSE
2c92c0f95d59764d015d6502164b64ae,UX144S3 DBA　増設　過去10GB,A764,UX144S3,1,FALSE,FALSE
2c92c0f95d59764d015d65066d356ab0,UX144X3 DBA　増設　過去10GB,A764,UX144X3,1,FALSE,FALSE
2c92c0f95d59764d015d6507ba186d8c,UX141J3 DATABANK　500GB,A70J,UX141J3,1,FALSE,FALSE
2c92c0f95d59764d015d6509f2126f9e,UX142N3 DBA　増設　新規10GB,A75U,UX142N3,1,FALSE,FALSE
2c92c0f95d59764d015d650a1c126fac,UX14045 DBA　増設　過去10GB,A764,UX14045,1,FALSE,FALSE
2c92c0f95d59764d015d650a5af57025,UX142P3 DBA　増設　新規10GB,A75U,UX142P3,1,FALSE,FALSE
2c92c0f95d59764d015d650c8e0d75ca,UX143P3 DBA　増設　新規10GB,A75U,UX143P3,1,FALSE,FALSE
2c92c0f95d59764d015d650e235677f6,UX143S3 DBA　増設　新規10GB,A75U,UX143S3,1,FALSE,FALSE
2c92c0f95d59764d015d650fd39f7d0b,UX14762 DATABANK　250GB,A70H,UX14762,1,FALSE,FALSE
2c92c0f95d59764d015d651370f500eb,UX144H3 DBA　増設　新規10GB,A75U,UX144H3,1,FALSE,FALSE
2c92c0f95d59764d015d651536f20226,UX140U3 UNITEA-CIS-月額利用,A6PJ,UX140U3,1,FALSE,FALSE
2c92c0f95d59764d015d6517238c060e,UX141K5 UNITEA-CIS-月額利用,A6PJ,UX141K5,1,FALSE,FALSE
2c92c0f95dc69849015de0527efa7151,データバンクアーカイビング　新規データ月額（１年）　１０ＧＢ,UY142M3,,1,FALSE,FALSE
2c92c0f95dc6984d015de050240d4717,データバンクアーカイビング　新規データ月額（複数年）　１０ＧＢ,UY142Q3,,1,FALSE,FALSE
2c92c0f95df436f2015e07b7a41f409b,定期-ティア課金,DDD001,,1,FALSE,FALSE
2c92c0f95df43700015e07b3994d7723,定期ｰ定額課金,AAA001,,1,FALSE,FALSE
2c92c0f95df71c21015e07b4c768529c,定期-単位あたり課金,BBB,,1,FALSE,FALSE
2c92c0f95e0da917015e0ed8630e1bd7,テスト定期,MMM002,FFF001,1,FALSE,FALSE
2c92c0f95e0da918015e0e6f451846d6,超過量付きティア課金,LLL002,AAA001,1,FALSE,FALSE
2c92c0f95e0da918015e0e6f455a46de,定期-ボリューム課金,III002,AAA001,1,FALSE,FALSE
2c92c0f95e0da918015e0e6f458a46e5,使用量ｰ超過量課金,KKK002,AAA001,1,FALSE,FALSE
2c92c0f95e0da918015e0e6f45ba46eb,定期-ティア課金,JJJ002,AAA001,1,FALSE,FALSE
2c92c0f95e0da918015e0e6f45ee46f2,定期ｰ定額課金,GGG002,AAA001,1,FALSE,FALSE
2c92c0f95e0da918015e0e6f462646f8,定期-単位あたり課金,HHH002,AAA001,1,FALSE,FALSE
2c92c0f95e1d5c9c015e2d4566695a6a,使用量 - 超過量付きティア課金プラン,ggg,GGG,1,FALSE,FALSE
2c92c0f95e1d5c9f015e2d2ef38757d6,使用量 - 単位当たり課金プラン,bbb,BBB,1,FALSE,FALSE
2c92c0f95e1d5ca3015e2cb5f3707186,新規料金プラン,,,1,,
2c92c0f95e1d5ca3015e2d4450d6036e,使用量 - 超過量課金プラン,eee,EEE,1,FALSE,FALSE
